,Timestamp,Date,Close,High,Low,Vwap,MACD Value,Signal,RSI Value,%K,%D,%J,Williams %R,Target
0,1682654400000,2023-04-29,41.3524,41.42,40.5218,41.1329,1.8488914023538783,1.2880919973305833,88.57075099613128,94.64003519376234,86.09527243591651,111.729560709454,-0.8962664403903104,1.0
1,1682913600000,2023-05-02,40.7856,41.5458,40.7422,41.0115,1.9790133698629973,1.4262762718370663,82.56018599559606,94.16556783679759,90.9032018251334,100.69029986012598,-9.914186598502798,1.0
2,1683000000000,2023-05-03,41.0792,41.1776,40.5158,40.9735,2.081829004009883,1.5573868182716297,83.19630822295113,92.74308472313794,93.84956258456596,90.5301290002819,-6.285868247339345,1.0
3,1683086400000,2023-05-04,41.1624,41.3342,40.9424,41.1175,2.1452950535094573,1.6749684653191954,83.38129802182598,90.97476245185537,92.62780500393029,87.66867734770551,-5.327441744132752,1.0
4,1683172800000,2023-05-05,40.6702,41.2466,40.5728,40.8101,2.131307541823837,1.7662362806201237,77.91648400216063,90.32594436408893,91.3479305130274,88.28197206621198,-12.92856510055221,1.0
5,1683259200000,2023-05-06,40.5642,40.699,40.4055,40.5839,2.087604419656202,1.8305099084273393,76.74985375880709,87.43875228452576,89.57981970015669,83.15661745326389,-16.25542344251979,1.0
6,1683518400000,2023-05-09,40.6568,40.7364,40.3278,40.5718,2.0369606126057036,1.8718000492630122,77.07281061385478,80.28530770945024,86.01666811935497,68.82258688964075,-14.945195346647889,-1.0
7,1683604800000,2023-05-10,40.6532,40.9392,40.6182,40.7636,1.973782010356956,1.892196441481801,77.028014151615,66.86743435739406,78.19716478379002,44.20797350460214,-15.012277574085942,-1.0
8,1683691200000,2023-05-11,41.0968,41.1586,40.7328,40.972,1.9371767577648313,1.9011925047384073,78.67294318697759,60.08257485580958,69.07843897421795,42.090846618992856,-7.551548992566151,1.0
9,1683777600000,2023-05-12,41.17,41.3222,41.0356,41.1665,1.8922606566426339,1.8994061351192526,78.94091697187656,59.10081623068678,62.016941814630144,53.268565062800064,-6.320427865047567,1.0
10,1683864000000,2023-05-13,40.9126,41.3412,40.8076,40.9551,1.8149724217845886,1.8825193924523198,75.35535171859885,63.32972001129033,60.83770369926223,68.31375263534652,-10.64953412492856,-1.0
11,1684123200000,2023-05-16,40.9424,40.9998,40.7118,40.8741,1.7361127230008222,1.8532380585620203,75.49412888437766,62.50006562311314,61.64353395503008,64.21312895927926,-18.942675959063237,1.0
12,1684209600000,2023-05-17,41.0044,41.2158,40.8114,41.0564,1.659489167281329,1.8144882803058822,75.79946658907026,61.70646667982333,62.512084104742264,60.09523182998545,-33.34770557437653,1.0
13,1684296000000,2023-05-18,41.2402,41.4008,40.5344,41.0452,1.5993551658796648,1.7714616574206388,76.9745152918405,70.81509634826216,65.00720955039954,82.4308699439874,-25.090311986863647,1.0
14,1684382400000,2023-05-19,41.9174,41.926,41.14,41.6981,1.58803701474298,1.734776728885107,79.98083232842593,83.75328594747343,72.09161632518631,107.07662519204766,-0.5381053685396873,1.0
15,1684468800000,2023-05-20,42.1244,42.2,41.868,42.0697,1.5775850500091906,1.7033383931099237,80.8057948310156,93.3185361860158,82.62897282725046,114.69766290354647,-4.038030124986725,1.0
16,1684728000000,2023-05-23,42.0388,42.7976,41.96,42.2762,1.5445895215139487,1.6715886187907287,79.34959489299804,87.13174713712112,88.0678564235368,85.25952856428978,-30.723135476556845,1.0
17,1684814400000,2023-05-24,40.9402,42.1408,40.8188,41.2083,1.4134985573480066,1.6199706065021844,63.52671844300395,59.95457028871751,80.13495120395147,19.593808458249583,-75.2044699975709,1.0
18,1684900800000,2023-05-25,41.0614,41.28,40.82,41.0612,1.304352091892092,1.556846903580166,64.3708191599001,35.89607635206786,60.99413125930217,-14.300033462400776,-70.29719005587513,1.0
19,1684987200000,2023-05-26,41.158,41.7442,41.1074,41.3376,1.2116800509577743,1.4878135330556876,65.0647911841964,22.923294450335813,39.5913136970404,-10.41274404307336,-66.38594218155323,1.0
20,1685073600000,2023-05-27,41.4204,41.5862,41.14,41.4369,1.1461976251436212,1.4194903514732744,66.94802781121712,29.995876045717022,29.6050822827069,30.777463571737265,-60.85189112760688,1.0
21,1685419200000,2023-05-31,41.4256,41.9528,41.2932,41.5472,1.0822464638915719,1.352041573956934,66.98600858243414,35.35996229527522,29.42637759710935,47.22713169160696,-60.62212796040991,-1.0
22,1685505600000,2023-06-01,41.5298,41.5556,41.1838,41.469,1.0281212354018976,1.2872575062459268,67.78487700148762,38.15228270140695,34.50270701413306,45.45143407595474,-56.01802757158,-1.0
23,1685592000000,2023-06-02,41.6466,41.7588,41.1626,41.5946,0.9833163272074046,1.2264692704382223,68.69918531235867,39.04739121217242,37.519878736284866,42.10241616394754,-50.85719335454228,-1.0
24,1685678400000,2023-06-03,41.2446,41.8372,41.212,41.4014,0.9049385065170412,1.1621631176539862,62.16016173789794,33.09413112323951,36.76460167893963,25.753190011839266,-68.61965358784028,1.0
25,1685937600000,2023-06-06,41.4876,41.541,41.14,41.4121,0.8526033078961888,1.1002511557024268,64.367995999491,37.9805137686913,36.70734536803442,40.52685057000507,-57.88264404383172,1.0
26,1686024000000,2023-06-07,41.1624,41.5854,41.1202,41.2239,0.7759417897984164,1.0353892825216249,59.37512144362772,34.111365200649686,35.062003364193494,32.21008887356207,-72.25167903852957,1.0
27,1686110400000,2023-06-08,40.458,41.456,40.2831,40.6102,0.6508452523736779,0.9584804764920355,50.27785523591654,30.430313148778154,34.17406403937304,22.942811367588376,-93.04434281169216,-1.0
28,1686196800000,2023-06-09,40.4646,40.8164,40.2852,40.5283,0.5459446005181263,0.8759733012972537,50.35460810300124,17.190380174748515,27.244019508058784,-2.9168984918720184,-92.78186518194474,-1.0
29,1686283200000,2023-06-10,40.811,40.86,40.46,40.7466,0.4851689376624364,0.7978124285702902,54.338550739145255,17.653869956678843,21.758187760068505,9.445234349899515,-79.00576655398682,-1.0
30,1686542400000,2023-06-13,41.2734,41.3266,40.6644,41.1317,0.46891029653432525,0.7320320021630973,59.06127969599501,35.40281415961425,23.41568809701387,59.377066284815015,-46.69214620229293,-1.0
31,1686628800000,2023-06-14,41.3146,41.346,40.9208,41.1855,0.45411494754183224,0.6764485912388443,59.46358223284684,53.90368218472455,35.65345543367255,90.40413568682857,-38.2224351679944,1.0
32,1686715200000,2023-06-15,41.2234,41.4197,41.0506,41.2451,0.4300728371056408,0.6271734404122036,58.10246549293532,63.533020183171324,50.94650550917004,88.7060495311739,-43.68449422051882,-1.0
33,1686801600000,2023-06-16,41.0332,41.5654,41.0002,41.2225,0.39116266126981714,0.5799712845837263,55.26149144728374,61.49179600013684,59.64283278934423,65.18972242172204,-55.075762112954386,-1.0
34,1686888000000,2023-06-17,40.6584,41.3186,40.6348,40.8424,0.3263212111275635,0.5292412698924938,50.06640405536844,48.97360412088896,57.99947343473237,30.921865493202134,-77.52290830688139,1.0
35,1687233600000,2023-06-21,40.996,41.1393,40.6936,40.9711,0.2987317990659335,0.48313937572718174,54.239413582025044,47.33725160352011,52.60088390818197,36.80998699419638,-54.127791004439715,1.0
36,1687320000000,2023-06-22,41.4896,41.8502,41.1788,41.4858,0.31308731042430793,0.449128962666607,59.560710003695725,53.79070852911834,50.033854751175795,61.304416085003425,-23.01065662689026,1.0
37,1687406400000,2023-06-23,41.0104,41.401,40.8194,41.0551,0.28253977874868497,0.4158111258830226,53.10442195594714,57.38176887913604,52.83657633725816,66.4721539628918,-53.58943271010159,-1.0
38,1687492800000,2023-06-24,40.8736,41.1818,40.7402,40.8947,0.2444738803846107,0.3815436767833403,51.39176441232564,45.39924823554913,52.190575214601175,31.81659427744505,-62.31893306106792,-1.0
39,1687752000000,2023-06-27,40.6462,41.0798,40.4964,40.688,0.19372397277304287,0.34397973598128084,48.58667889169283,23.434809400422267,42.07194217170248,-13.839456142138161,-76.82981303043826,-1.0
40,1687838400000,2023-06-28,41.3346,41.4306,40.661,41.1792,0.20667006825944156,0.316517802436913,56.35340562774183,30.875871077496015,33.23664290448914,26.15432742350977,-32.90153787250322,1.0
41,1687924800000,2023-06-29,42.0298,42.3268,41.398,41.9662,0.2699153559680525,0.3071973131431409,62.51232426044654,52.2512663783993,35.52064895210586,85.71250123098619,-14.547413793103336,1.0
42,1688011200000,2023-06-30,42.212,42.4998,42.0577,42.2991,0.33092502176861416,0.3119428548682356,63.948160230050696,77.10769022346084,53.41160922645205,124.49985221747839,-14.109226394744448,1.0
43,1688097600000,2023-07-01,42.78,42.8833,42.301,42.688,0.42026393347254754,0.333607070589098,68.05580525272417,88.36022358746504,72.5730600631084,119.93455063617833,-4.327789182621702,1.0
44,1688356800000,2023-07-04,42.4708,42.9504,42.3809,42.5851,0.46080394767394495,0.35904644600606744,63.79466648700727,87.2543433396226,84.24075238351617,93.28152525183543,-19.543602281988782,1.0
45,1688529600000,2023-07-06,42.4142,42.5,42.2006,42.3769,0.48279964030837874,0.3837970848665297,63.016847035407395,84.75952259519775,86.79136317409512,80.695841437403,-21.850040749796282,1.0
46,1688616000000,2023-07-07,41.8674,42.2859,41.8486,41.9751,0.45091136940592236,0.3972199417744083,55.92300249167758,71.49144254278723,81.16843615920253,52.13745530995661,-44.132029339853226,1.0
47,1688702400000,2023-07-08,41.5492,41.8324,41.4224,41.59,0.39540561448911404,0.39685707631734946,52.2377613833874,58.97310513447431,71.74135675748643,33.43660188845007,-57.09861450692757,1.0
48,1688961600000,2023-07-11,41.8618,41.9759,41.4974,41.8181,0.37234890491624384,0.3919554420371284,55.35065313434559,50.406593281672066,60.29038031964453,30.639019205727152,-44.36022819885898,-1.0
49,1689048000000,2023-07-12,41.0656,42.1278,41.0313,41.3024,0.28652670904101996,0.37086969543790677,46.9562366898149,32.37970177108769,47.25313339574469,2.632838521773678,-76.80521597392004,-1.0
50,1689134400000,2023-07-13,41.52,41.6548,41.165,41.4826,0.25227026829499977,0.3471498100093254,51.47894737905041,26.567593855961643,36.45129630290713,6.8001889620706635,-58.28850855745715,-1.0
51,1689220800000,2023-07-14,40.9772,41.776,40.9386,41.1583,0.17925601678977898,0.3135710513654161,46.39055865903788,9.723679221777166,22.890324949608836,-16.609612233886175,-80.4074979625101,-1.0
52,1689307200000,2023-07-15,41.1196,41.5647,40.6753,41.1031,0.13136785943622442,0.27713041297957774,47.84697309927271,15.637517819097651,17.309596965612155,12.293359526068642,-74.60472697636524,-1.0
53,1689566400000,2023-07-18,42.5502,42.6,41.259,42.2503,0.20647351553318316,0.26299903349029885,59.693935394032195,39.6200251629629,21.66040740127924,75.53926068633021,-17.480562592819304,1.0
54,1689652800000,2023-07-19,43.064,43.4727,42.3998,42.9371,0.3039508983381012,0.27118940645985934,62.94919547231743,67.44380023476405,40.90044773894153,120.53050522640909,-14.609994995352924,1.0
55,1689739200000,2023-07-20,42.7826,43.5002,42.761,43.0051,0.35441037605320247,0.287833600378528,60.08692952403192,85.7999732209688,64.28793287289858,128.8240539171092,-25.40266912103074,1.0
56,1689825600000,2023-07-21,41.8942,42.7,41.6886,42.0679,0.3190357745359407,0.2940740352100105,52.041668292038544,67.71192197217925,73.6518984759707,55.83196896459637,-56.851569967078554,1.0
57,1689912000000,2023-07-22,41.9774,42.6028,41.7288,42.0141,0.29432193261174433,0.2941236146903573,52.68066443406182,54.61314264811738,69.37501261375515,25.089402716841846,-53.90633296753856,1.0
58,1690171200000,2023-07-25,41.6598,42.1572,40.8756,41.6476,0.24626952731374274,0.2845527972150344,49.94496886832438,41.36429608127719,54.563120233857944,14.966647776115678,-65.14920882155131,1.0
59,1690257600000,2023-07-26,41.8468,42.0986,41.721,41.906,0.22073252000262045,0.27178874177255163,51.54062792356848,40.80498424723002,45.594140992208196,31.226670757273666,-58.52950546922008,1.0
60,1690344000000,2023-07-27,41.7572,42.0008,41.3002,40.7591,0.1910618445309069,0.2556433623242227,50.70654832178144,38.20666218273209,40.1253141704131,34.36935820737007,-61.70129916103233,-1.0
61,1690430400000,2023-07-28,37.6596,38.9998,37.4528,38.0064,-0.16123582821223437,0.17226752421693128,28.217169016350965,27.72961559673087,35.58042067556432,12.028005439063975,-96.58034857955494,-1.0
62,1690516800000,2023-07-29,38.2504,38.3728,37.5529,38.1003,-0.38828573331627325,0.06015687271029038,32.84210877720922,18.302497131195334,28.079591636886096,-1.2516918801861934,-86.8108608658267,-1.0
63,1690776000000,2023-08-01,39.2456,39.5034,38.3362,39.0904,-0.48235975317480495,-0.048346452466728695,39.870090344551215,15.418196249627885,20.48343632585136,5.287716097180933,-70.35420180573469,-1.0
64,1690862400000,2023-08-02,39.1,39.4632,38.9207,39.1719,-0.5621823071588423,-0.15111362340515144,39.2233734638065,24.74230593775619,19.48766643952647,35.25158493421563,-72.76184806693787,-1.0
65,1690948800000,2023-08-03,38.7372,39.2882,38.7108,38.9004,-0.6472560197428123,-0.25034210267268364,37.58731482380841,28.659194834779317,22.939899007387798,40.09778648956236,-78.76112048152926,-1.0
66,1691035200000,2023-08-04,38.4584,38.922,38.369,38.5911,-0.7287735322260716,-0.34602838858336127,36.33311501376585,25.90250655535989,26.434669109298465,24.838181447482732,-83.37136620696506,-1.0
67,1691121600000,2023-08-05,37.8122,38.716,37.8046,38.0322,-0.8358841356562436,-0.4439995379979378,33.53965245511847,18.017186270627892,24.19296255358903,5.66563370470562,-94.05695009425548,-1.0
68,1691380800000,2023-08-08,37.8,37.9458,37.6462,37.7665,-0.9112501738347945,-0.5374496651653091,33.487304710446054,12.248625958900812,18.722772928296198,-0.6996679798899592,-94.25868968482332,1.0
69,1691467200000,2023-08-09,37.227,37.6799,37.0534,37.28,-1.0056224239879654,-0.6310842169298404,31.03711225083292,7.485286268803147,12.58369949944395,-2.7115401924784592,-96.92558353699583,-1.0
70,1691553600000,2023-08-10,37.0114,37.3596,36.884,37.0757,-1.0852995724101007,-0.7219272880258925,30.143413293693058,6.5278494740559365,8.753920567253298,2.0757072876612135,-97.77225991466739,-1.0
71,1691640000000,2023-08-11,36.9142,37.3332,36.8235,37.0134,-1.14311044855382,-0.806163920131478,29.7278137071946,5.111292725312102,6.374809489390395,2.584259197155516,-98.29949190993122,-1.0
72,1691726400000,2023-08-12,36.931,37.1268,36.7927,36.9279,-1.1740367993951537,-0.8797384959842132,29.907692818965998,4.475656452454348,5.3715995506074625,2.683770256148117,-97.39346764922078,-1.0
73,1691985600000,2023-08-15,37.0016,37.4228,36.7422,37.0663,-1.179255600773459,-0.9396419169420623,30.710378582023978,6.2505970466787035,5.279182074815051,8.19342699040601,-95.06712813296302,-1.0
74,1692072000000,2023-08-16,36.9632,37.298,36.8558,37.0584,-1.1729688428701621,-0.9863073021276824,30.505749146666687,8.50196043894403,6.409404646025695,12.687072024780699,-91.99623352165712,-1.0
75,1692158400000,2023-08-17,37.3378,37.4746,36.8238,37.2853,-1.124793532913209,-1.0140045482847877,35.05216195681804,16.83412407743457,10.528893854352434,29.444584523598845,-78.42966826017658,-1.0
76,1692244800000,2023-08-18,36.9708,37.5276,36.8304,37.1941,-1.1035075375576184,-1.0319051461393538,32.78892443507854,19.7689540468089,15.035012854395832,29.236836431635037,-91.72099087353325,-1.0
77,1692331200000,2023-08-19,36.984,37.1644,36.7492,36.934,-1.073201899742756,-1.0401644968600343,32.95659773848027,24.98493873334667,20.529338952530043,33.89613829497993,-91.11356119073854,-1.0
78,1692590400000,2023-08-22,37.3226,37.5594,37.0646,37.3489,-1.0102171191214993,-1.0341750213123273,37.27907982783981,38.60084173388902,27.78491150468153,60.232702192304004,-77.20345640219941,1.0
79,1692676800000,2023-08-23,37.4408,37.6864,37.319,37.4708,-0.9399285631462035,-1.0153257296791027,38.76331939348365,56.93268866995735,40.172823045731015,90.45241991841003,-67.95118818240178,1.0
80,1692763200000,2023-08-24,37.8982,37.94,37.3383,37.7785,-0.8376599957792692,-0.9797925828991361,44.26024668684941,80.5072786519382,58.68026968526152,124.16129658529155,-41.43276927753554,1.0
81,1692849600000,2023-08-25,37.4464,38.0194,37.4057,37.5714,-0.7840300926196591,-0.9406400848432407,40.40235701893874,75.2116886955882,70.88388533916124,83.86729540844212,-44.86376448481054,1.0
82,1692936000000,2023-08-26,37.5356,37.72,37.321,37.5482,-0.725961876837971,-0.8977044432421868,41.48676668729198,71.1860047799323,75.63499070915289,62.28803292149112,-37.87973692452199,1.0
83,1693195200000,2023-08-29,37.9854,38.043,37.5485,37.8327,-0.6363122846803719,-0.8454260115298239,46.74857266313961,70.86524788620477,72.42098045390843,67.75378275079746,-4.428044280442855,1.0
84,1693281600000,2023-08-30,38.0616,38.2286,37.8352,38.0485,-0.5527439457001435,-0.7868895983638879,47.60811049782356,82.05704933247318,74.7027673328701,96.76561333167936,-11.23519913885907,1.0
85,1693368000000,2023-08-31,38.7714,38.877,38.0712,38.6678,-0.4243488773173425,-0.7143814541545789,54.90919595305467,93.09892184952515,82.00707302273436,115.28261950310676,-4.946599213041143,1.0
86,1693454400000,2023-09-01,38.5328,39.0348,38.4912,38.6822,-0.3379521841135258,-0.6390956001463682,52.27217795736753,86.08970688906821,87.08189269035552,84.10533528649358,-21.89653668324153,1.0
87,1693540800000,2023-09-02,38.7722,38.8462,38.42,38.6769,-0.2473137243770438,-0.5607392249925034,54.62672064415648,84.75088891077155,87.97983921645498,78.2929882994047,-11.489324466223295,1.0
88,1693886400000,2023-09-06,39.0298,39.399,38.6526,38.9717,-0.15293300835129742,-0.47917798166426223,57.08028886552468,80.48281848279105,83.77447142754362,73.89951259328589,-13.933127028454956,1.0
89,1693972800000,2023-09-07,39.0824,39.3262,38.838,39.1032,-0.07304916521600546,-0.39795221837461087,57.58465456771939,83.89743284246067,83.04371341200776,85.60487170336651,-11.94807155257005,1.0
90,1694059200000,2023-09-08,39.3368,39.4008,38.5537,39.1004,0.010664377584753026,-0.3162288991827381,60.03105469272181,87.97329788163846,84.11784973563006,95.68419417365524,-2.413637049328714,1.0
91,1694145600000,2023-09-09,38.902,39.5207,38.8632,39.1646,0.04144547946473409,-0.24469402345324368,54.26976713998962,83.4386398924056,85.10312353883491,80.109672599547,-25.19034241276809,1.0
92,1694404800000,2023-09-12,38.977,39.1782,38.803,38.982,0.07107232020301524,-0.18154075472199188,55.0707607559809,77.76474432521188,83.05889403308531,67.176444909465,-24.694554208112017,1.0
93,1694491200000,2023-09-13,38.6602,38.7331,38.32,38.5623,0.06820249661957689,-0.13159210445367814,51.00668899540923,59.00205118674885,73.40181180145545,30.202529957335656,-39.11897076874095,1.0
94,1694577600000,2023-09-14,38.6608,38.92,38.2992,38.6162,0.06522468615825971,-0.09222874633129058,51.01406230515356,45.99338615279189,60.92006055491754,16.140037348540602,-39.09169432195282,-1.0
95,1694664000000,2023-09-15,38.7224,38.87,38.3878,38.6875,0.06706230262123825,-0.06037053654078482,51.81582212289115,34.96119198536123,46.652209774967325,11.579156406149039,-36.29131245169785,-1.0
96,1694750400000,2023-09-16,38.25,38.5702,38.0734,38.2825,0.03005345737004461,-0.04228573775861894,45.64578970172057,25.483635234530087,35.479404457561074,5.4920967884681176,-64.43058513335347,-1.0
97,1695009600000,2023-09-19,38.7672,38.9183,38.036,38.6777,0.041973553456784884,-0.025433879515538174,52.33747366510849,32.032321680275395,30.82571630005557,34.445532440715034,-44.70483536042696,-1.0
98,1695096000000,2023-09-20,38.4934,38.68,37.97,38.3122,0.028992733542324345,-0.014548556903965674,48.90494171712045,31.7345122578466,29.750156390884026,35.70322399177174,-66.24750112852243,-1.0
99,1695182400000,2023-09-21,38.4096,38.7966,38.399,38.5622,0.011807273682926223,-0.009277390786587295,47.87012915980877,37.11666439483215,33.627832777651385,44.09432762919367,-71.65151222028769,-1.0
100,1695268800000,2023-09-22,37.3202,38.2894,37.182,37.5826,-0.08869537747395384,-0.025160988124060604,36.930119739382505,23.00804688125856,30.619741177979105,7.7846582878174715,-94.09073416855527,-1.0
101,1695355200000,2023-09-23,37.5116,37.8338,37.2406,37.5793,-0.15115762122963616,-0.050360314745175716,39.54426575983647,18.07865619490872,26.067789156999808,2.1003902707265496,-85.90670030358747,-1.0
102,1695614400000,2023-09-26,37.1938,37.3486,36.97,37.1348,-0.2237242495712195,-0.08503310171038447,36.81568177123833,12.454801293979038,17.847168123382108,1.6700676351728987,-91.22593797780985,-1.0
103,1695700800000,2023-09-27,36.9524,37.0487,36.7296,36.9105,-0.2972858615246352,-0.1274836536732346,34.84866521779199,13.540269510489194,14.69124233312565,11.23832386521628,-92.01748414603563,-1.0
104,1695787200000,2023-09-28,36.1216,37.273,35.9002,36.3572,-0.41780637389241093,-0.18554819771706987,29.088439562031482,9.664074249387967,11.886381684618733,5.219459378926437,-93.88482253832336,-1.0
105,1695873600000,2023-09-29,36.7746,36.9754,36.071,36.6026,-0.4553787824552913,-0.23951431466471415,37.7920705899431,15.495723130200167,12.900022296692443,20.687124797215613,-73.32519829164119,-1.0
106,1695960000000,2023-09-30,36.6366,37.3316,36.6202,36.8367,-0.4906348999053449,-0.2897384317128403,36.76507293988534,20.577425283329884,15.245740887639338,31.240794074710973,-75.61427909133047,-1.0
107,1696219200000,2023-10-03,37.3426,37.3796,36.577,37.1997,-0.4563468449171495,-0.3230601143537022,44.99970303493688,34.732095412138534,23.601747941889528,56.99279035263655,-52.2352473673754,1.0
108,1696305600000,2023-10-04,36.7438,37.5364,36.5252,36.8634,-0.4720499716937283,-0.3528580858217074,40.216162344432405,36.844435507359464,30.717985400942627,49.097335720193136,-72.04863987276761,-1.0
109,1696392000000,2023-10-05,37.1598,37.2796,36.8092,37.1065,-0.4457883192059384,-0.3714441324985536,44.62054200208445,50.08379345104466,40.55344145684755,69.14449743943888,-58.26513369338334,-1.0
110,1696478400000,2023-10-06,37.2316,37.4376,36.9667,37.1851,-0.4144051063541738,-0.38003632726967773,45.36864046686914,60.607699805988354,49.17864292146416,83.46581357503675,-55.88615354030681,1.0
111,1696564800000,2023-10-07,36.4454,37.0813,36.3626,36.5893,-0.44781136287938494,-0.3935913343916192,39.13466657426045,59.94510643390303,56.87886656364535,66.07758617441839,-81.17663306173176,1.0
112,1696824000000,2023-10-10,36.6602,36.669,36.0002,36.5108,-0.45174604975378685,-0.4052222774640527,41.49978345857308,53.71388990750936,58.08889871580025,44.9638722909276,-73.76053031349244,-1.0
113,1696910400000,2023-10-11,36.6424,36.8871,36.4614,36.6893,-0.451100621524283,-0.41439794627609877,41.35636818530924,40.52488392912945,51.39462675684729,18.785398273693772,-68.93520843797073,1.0
114,1696996800000,2023-10-12,36.4696,36.8524,36.2088,36.4493,-0.4592388116974746,-0.423366119360374,39.914297708852416,39.60315303230105,44.61397562297996,29.58150785094324,-70.5523376086056,-1.0
115,1697083200000,2023-10-13,35.8736,36.5374,35.6122,35.9267,-0.5079255554320596,-0.44027800657471117,35.33744960201223,28.64841206050781,36.258816340646106,13.427603500231214,-86.4151335619997,-1.0
116,1697169600000,2023-10-14,35.6296,36.0698,35.3727,35.6264,-0.5597465021707606,-0.4641717056939211,33.63692639845739,18.671321278954736,28.97429545725453,-1.9346270776448549,-88.12681979941758,-1.0
117,1697428800000,2023-10-17,36.209,36.52,35.5812,36.1859,-0.5477481384797613,-0.48088699225108916,40.908758196152846,21.98626576008678,23.101999699849774,19.754797880560794,-61.34861579701428,-1.0
118,1697515200000,2023-10-18,36.5902,36.6,35.98,36.3783,-0.501696450249149,-0.4850488838507011,45.16598205105923,37.11187463415222,25.923153891064583,59.489316120327494,-43.73064657762158,1.0
119,1697601600000,2023-10-19,36.8146,37.1446,36.5661,36.8052,-0.44199787456705764,-0.47643868199397243,47.561019212354786,60.279455950364216,39.79253211486774,101.25330362135716,-33.35952303923844,1.0
120,1697688000000,2023-10-20,36.9526,37.3533,36.7891,37.0286,-0.37917992638801934,-0.45698693087278186,49.03527482632174,73.36879138391856,56.920040656145,106.26629283946569,-26.981559365901187,1.0
121,1697774400000,2023-10-21,36.625,37.06,36.5562,36.713,-0.3517757797931793,-0.4359447006568614,45.74726453146384,74.79099858122824,69.47974863850366,85.4134984666774,-42.122290520867075,1.0
122,1698033600000,2023-10-24,36.3932,36.79,36.2994,36.4897,-0.3447876218651018,-0.41771328489850956,43.52343281971053,64.84062068733381,71.0001368841602,52.52158829368105,-50.578720519153585,1.0
123,1698120000000,2023-10-25,37.1018,37.2442,36.628,36.9815,-0.2788568699628797,-0.3899420019113836,51.31468362550869,67.35164428287726,68.99442118381309,64.0660904810056,-16.26228873068942,1.0
124,1698206400000,2023-10-26,36.8374,37.24,36.6433,36.8649,-0.2451156042849192,-0.36097672238609074,48.61946466871652,70.92631862398606,67.70619453139905,77.3665668091601,-26.04766232454792,1.0
125,1698292800000,2023-10-27,36.1294,37.0404,35.9697,36.398,-0.27236543198127805,-0.3432544643051282,42.22404916074775,64.06307140552221,67.44701143746184,57.29519134164295,-61.79440573563583,-1.0
126,1698379200000,2023-10-28,37.7518,39.0533,37.13,38.248,-0.16118891029630333,-0.3068413535033632,56.382819683888506,54.22674200859927,63.07204401270252,36.536138000392754,-35.36108243221208,1.0
127,1698638400000,2023-10-31,38.186,38.4075,37.4864,38.1193,-0.037610850169372156,-0.25299525283656504,59.260302917761734,53.53389074643554,57.274568053519005,46.052536132268614,-23.56409281095475,1.0
128,1698724800000,2023-11-01,38.844,39.16,38.0069,38.8269,0.1121282094761682,-0.1799705603740184,63.22021183376185,73.25386627377559,60.3381663429368,99.08526613545314,-8.343674913526677,1.0
129,1698811200000,2023-11-02,39.7328,39.9701,38.8304,39.5818,0.29906874669730854,-0.08416269895975301,67.77642429253777,85.34561749126847,70.71112483715986,114.61460279948571,-5.161613085657213,1.0
130,1698897600000,2023-11-03,40.7074,40.7886,39.9172,40.5097,0.5198698086603386,0.03664380256426532,71.88870407951102,94.15934557703396,84.252943114026,113.9721505030499,-1.5593194300419135,1.0
131,1698984000000,2023-11-04,40.8106,41.1294,40.6,40.8796,0.6951701300426549,0.16834906805994324,72.2919343307904,95.40146917974562,91.635477416016,102.93345270720485,-6.1786537977013465,1.0
132,1699246800000,2023-11-07,41.381,41.4032,40.7336,41.2597,0.8700935142590822,0.308697957299771,74.47155586246242,97.24257930817333,95.6011313549843,100.52547521455139,-0.40857642403603606,1.0
133,1699333200000,2023-11-08,41.2956,41.4998,41.135,41.315,0.9904136185396482,0.44504108954774646,73.53882869476556,96.57341688521426,96.4058217910444,96.90860707355395,-3.692519122619849,1.0
134,1699419600000,2023-11-09,41.68,41.7978,41.19,41.6209,1.1040591290895065,0.5768446974560986,75.05338694794422,97.79174387700982,97.20258002346581,98.97007158409784,-2.021241914174475,1.0
135,1699506000000,2023-11-10,41.9022,42.1402,41.7164,41.919,1.1982411202144405,0.701123982007767,75.91166700751832,96.22323591664617,96.86279889295675,94.94410996402505,-3.8570618264322123,1.0
136,1699592400000,2023-11-11,42.4116,42.4424,41.9184,42.255,1.299011157475121,0.8207014171012379,77.7975626402128,97.22260979921337,97.07919653095645,97.5094363357272,-0.4758447015928328,1.0
137,1699851600000,2023-11-14,43.0086,43.1157,42.2834,42.8866,1.4107824270386118,0.9387176190887128,79.7941491207225,97.23075354220028,96.89219975268661,97.90786112122763,-1.49874055415611,1.0
138,1699938000000,2023-11-15,43.3204,43.5414,43.039,43.3033,1.5071481518870726,1.052403725648385,80.76694603823412,96.90282115490017,97.11872816543796,96.4710071338246,-2.918763289617967,1.0
139,1700024400000,2023-11-16,43.1162,43.4832,42.979,43.1501,1.5491834274590843,1.1517596660105247,78.11453276861855,92.31571985764084,95.48309818491377,85.980963203095,-6.631936862463796,1.0
140,1700110800000,2023-11-17,43.462,43.5554,43.0989,43.373,1.5920477211128272,1.2398172770309852,79.35120921373937,92.04548571963515,93.75467557739205,88.62710600412134,-1.5389685285878325,1.0
141,1700197200000,2023-11-18,43.2444,43.5202,43.22,43.3728,1.5901294586351398,1.3098797133518163,76.42468248718151,89.79507959243756,91.38542838990452,86.61438199750364,-5.605118500495632,1.0
142,1700456400000,2023-11-21,43.7338,43.8632,43.2,43.6164,1.60954586884624,1.3698129444507012,78.35793016374,93.00009990435495,91.61355507214256,95.77318956877974,-2.571133365124718,1.0
143,1700542800000,2023-11-22,43.9528,44.1505,43.738,43.9921,1.6238858384549744,1.420627523251556,79.18066818255917,91.3960484011768,91.39707596598977,91.39399327155084,-4.670115512720515,1.0
144,1700629200000,2023-11-23,44.3786,44.496,44.2,44.3848,1.6505819874252907,1.4666184160863032,80.71568525219396,94.16087886509706,92.85234239020961,96.77795181487195,-3.013347022587358,1.0
145,1700802000000,2023-11-25,44.3934,44.5,44.08,44.3713,1.6538683492974755,1.5040684027285378,80.76876079369858,94.17136994441232,93.24276573689538,96.02857835944619,-2.8302888700085047,1.0
146,1701061200000,2023-11-28,44.1838,44.77,44.11,44.3411,1.6208754037637405,1.5274298029355784,77.51496693597647,85.9686300307286,91.43362628007931,75.0386375320272,-16.126547455295857,1.0
147,1701147600000,2023-11-29,44.1334,44.3302,43.9812,44.1171,1.5725342025192148,1.5364506828523057,76.7146739687282,75.63870864644326,85.25956954052806,56.396986858273664,-17.782122905027943,1.0
148,1701234000000,2023-11-30,43.7822,44.38,43.7152,43.8789,1.488723469891518,1.5269052402601484,71.19844131708714,57.53817592273226,73.0485048666347,26.517518034927377,-32.348703170028784,1.0
149,1701320400000,2023-12-01,44.045,44.2057,43.6576,44.0049,1.427058383418057,1.5069358688917303,72.77595220881994,53.0555006923696,62.077461753848375,35.01157856941204,-25.424323186982754,1.0
150,1701406800000,2023-12-02,44.6766,44.7946,43.9962,44.5036,1.4128665534640064,1.4881220058061855,76.15609605319638,62.43697192382822,57.67688284631003,71.95715007886459,-4.6989487097802645,1.0
151,1701666000000,2023-12-05,44.384,44.8778,44.2,44.4647,1.3623052444861656,1.4629586535421817,71.71385196470413,68.65096850835342,61.381147041517075,83.19061144202611,-26.00589846218664,1.0
152,1701752400000,2023-12-06,44.525,44.7295,44.38,44.5501,1.3184147004780442,1.4340498629293543,72.54494480417743,74.40598552376728,68.49797531864964,86.22200593400257,-18.580155887929312,1.0
153,1701838800000,2023-12-07,44.201,44.9678,44.1654,44.2905,1.243156699326633,1.39587123020881,67.62781505931929,57.364171839871126,66.80704195733061,38.47843160495216,-41.02948258333768,1.0
154,1701925200000,2023-12-08,44.525,44.5532,44.1266,44.3784,1.195873003845307,1.3558715849361096,69.83005065302793,59.58830805443127,63.78615513935656,51.192613884580695,-25.04808236225816,1.0
155,1702011600000,2023-12-09,44.859,44.8942,44.429,44.7291,1.171843065746316,1.319065881098151,71.94857215831864,66.45804711748856,61.13684233726366,77.10045667793838,-6.154542369046017,1.0
156,1702270800000,2023-12-12,45.9096,46.0584,45.0,45.7866,1.223470401244299,1.2999467851273807,77.33889715496159,83.90054109916694,69.98229875702893,111.73702578344296,-6.197934021992735,1.0
157,1702357200000,2023-12-13,46.4078,46.4236,45.8184,46.1654,1.2897189358795345,1.2979012152778115,79.36395509239273,94.9755894277253,81.7780592147936,121.37064985358867,-0.5712219812002427,1.0
158,1702443600000,2023-12-14,46.8,46.9196,46.3364,46.6556,1.3582120164526756,1.3099633755127844,80.81725645717192,96.3799057422026,91.75201208969828,105.63569304721122,-3.6664622930719024,1.0
159,1702530000000,2023-12-15,45.514,46.927,45.4897,45.8446,1.2938095922127886,1.3067326188527855,64.72196118362756,81.62685789608402,90.99411768867064,62.89233831091079,-43.21893925490909,1.0
160,1702616400000,2023-12-16,45.4294,45.8,45.0832,45.4785,1.2218588656178682,1.2897578682058022,63.82147764484329,63.991240369558405,80.66600133594834,30.641718436778547,-45.80657001284638,1.0
161,1702875600000,2023-12-19,45.9406,46.015,45.3002,45.7784,1.192342383349846,1.270274771234611,66.82505921799626,53.61376946150555,66.41062257571599,28.02006323308467,-30.17067351807662,1.0
162,1702962000000,2023-12-20,46.5406,46.5784,46.0884,46.4328,1.2034922347541084,1.2569182639385106,69.97575052683797,65.83345236394801,61.14615406500399,75.20804896183604,-11.81868232703255,1.0
163,1703048400000,2023-12-21,46.2774,46.9683,46.2644,46.5918,1.177516850700421,1.2410379812908927,66.97104383221986,74.59004863486011,64.67909015343788,94.41196559770455,-23.24618956293529,1.0
164,1703134800000,2023-12-22,46.142,46.4645,45.9014,46.1211,1.1329456312771597,1.2194195112881463,65.41490375093879,72.33776541020683,70.9204221363383,75.17245195794388,-29.07766477812568,-1.0
165,1703221200000,2023-12-23,46.087,46.29,46.0066,46.124,1.080726634506476,1.1916809359318123,64.75667796667798,61.35349652806627,69.42710352437774,45.206282535443336,-31.013125945736608,-1.0
166,1703566800000,2023-12-27,46.3904,46.4936,46.1346,46.3796,1.051701191059287,1.1636849869573074,66.74459387931873,60.20419224069544,64.63181805965617,51.34894060277398,-20.336418341133843,1.0
167,1703653200000,2023-12-28,46.1488,46.54,46.0317,46.2146,0.9977023257823276,1.1304884547223115,63.66503717144352,59.706823687514515,60.421504152092076,58.27746275835939,-28.83837139740293,1.0
168,1703739600000,2023-12-29,45.5676,46.0839,45.5294,45.7243,0.8976621626646804,1.0839231963107854,56.86752775088611,50.52251869927332,56.81117820916109,37.945199679497776,-55.16087110621045,-1.0
169,1703826000000,2023-12-30,45.7392,45.7452,45.3694,45.6335,0.8227422381404352,1.0316870046767153,58.28374694365644,36.18037392409929,48.80323877029571,10.934644231706471,-62.44474927602515,-1.0
170,1704171600000,2024-01-03,44.895,45.7,44.7512,45.0498,0.6873247219104428,0.9628145481234608,49.64731020748074,19.499855571724567,35.40091606503239,-12.302265414891082,-93.51404988498463,-1.0
171,1704258000000,2024-01-04,44.673,45.06,44.6022,44.7708,0.5556862152127451,0.8813888815413177,47.647805877816815,11.931860977703998,22.537363491175952,-9.27914404923991,-97.00773424622803,-1.0
172,1704344400000,2024-01-05,44.4094,44.7875,44.4056,44.5494,0.42519010637309407,0.790149126507673,45.31414610457882,3.218750616932089,11.550155722120218,-13.44405959344417,-99.85171889023302,-1.0
173,1704430800000,2024-01-06,44.256,44.5708,44.1881,44.3469,0.30586705692467575,0.6932927125910736,43.96467636331531,2.019109748484665,5.723240447706917,-5.389151649959839,-97.55772965973665,-1.0
174,1704690000000,2024-01-09,44.7278,44.7278,44.0819,44.4686,0.24653114004144072,0.603940398081147,48.99566883616687,9.780485275741968,5.006115213719574,19.329225399786758,-77.62264412416837,-1.0
175,1704776400000,2024-01-10,44.64,45.04,44.492,44.7507,0.19022942578772728,0.521198203622463,48.129653112514525,17.289315910869934,9.69630364503219,32.47534044254543,-80.66449556541009,-1.0
176,1704862800000,2024-01-11,44.9,45.2011,44.6402,44.9837,0.16469128013837775,0.449896818925646,50.897458639804405,29.948352029024193,19.006051071878698,51.83295394331518,-71.6567350332594,-1.0
177,1704949200000,2024-01-12,45.5314,45.5634,44.5302,45.1452,0.19317402893003788,0.3985522609265244,56.91061659757867,50.238232914069975,32.491966951321366,85.73076483956719,-41.03169114356619,1.0
178,1705035600000,2024-01-13,45.438,45.6494,45.2735,45.4727,0.20583744716931562,0.36000929817508265,55.821616218731855,70.60611364361073,50.26423286223496,111.28987520636224,-44.83137382531207,1.0
179,1705381200000,2024-01-17,45.7994,46.068,45.4992,45.7812,0.2422428324317849,0.3364560050264231,59.08413090742053,85.81007110802841,68.8848058885697,119.66060154694583,-30.128961392945776,1.0
180,1705467600000,2024-01-18,46.2088,46.3885,45.6182,46.1039,0.3006636575527253,0.3292975355316835,62.46567914980285,87.4978302470923,81.3046716662438,99.88414740878929,-13.473821244050379,1.0
181,1705554000000,2024-01-19,46.4564,46.5739,46.0536,46.3804,0.3627601597693868,0.3359900603792242,64.38289038523453,91.3234107942526,88.21043738312443,97.54935761650893,-4.715088282503993,1.0
182,1705640400000,2024-01-20,46.692,46.946,46.54,46.7079,0.42607154857424234,0.3540063580182279,66.15443657649938,92.87527289753258,90.5655046462925,97.49480940001277,-8.868405432771123,1.0
183,1705899600000,2024-01-23,46.5,47.0551,46.3192,46.6175,0.45550273298175625,0.37430563301093356,63.38744595603283,88.25304608460824,90.81724325879782,83.12465173622911,-18.67011973631111,1.0
184,1705986000000,2024-01-24,46.4364,46.5665,46.0123,46.3066,0.46829693463458,0.39310389333566287,62.4555650269298,81.65676192873329,87.59502697029137,69.78023184561712,-20.809229113413252,1.0
185,1706072400000,2024-01-25,46.696,46.8098,46.522,46.6719,0.4936929965034835,0.413221713969227,64.73453715977652,79.87211525984917,83.26064109106356,73.09506359742036,-12.077895869770092,1.0
186,1706158800000,2024-01-26,46.2354,46.7882,46.1557,46.3981,0.47122104501611517,0.4248215801786047,58.00669918560342,71.75483620054881,77.76123779637709,59.742033008892236,-27.56962195614163,1.0
187,1706245200000,2024-01-27,46.525,46.6352,46.1536,46.464,0.4713467691212756,0.4341266179671389,60.76755756725069,68.56604544988467,73.39766563676089,58.90280507613224,-17.829274855374795,1.0
188,1706504400000,2024-01-30,48.0906,48.1429,46.2862,47.667,0.5909649658518603,0.46549428754408323,71.62752056404241,72.61631617920078,70.97906594321142,75.89081665117948,-1.432523487359154,1.0
189,1706590800000,2024-01-31,48.3856,48.4226,47.879,48.2433,0.7014810463005929,0.5126916392953852,73.13646105031803,87.44102504182824,76.20779555697122,109.90748401154227,-0.9505703422054803,1.0
190,1706677200000,2024-02-01,48.1754,48.7926,48.1544,48.4108,0.7633055418510111,0.5628144198065104,70.26876878790478,91.39811495296466,83.81848539133124,106.55737407623153,-14.480105105105034,1.0
191,1706763600000,2024-02-02,48.8404,48.9601,48.2361,48.6917,0.8560933313352308,0.6214702021122545,73.77248813964324,90.73507423544642,89.85807141007977,92.48907988617972,-3.2468941572178873,1.0
192,1706850000000,2024-02-03,49.6456,49.859,48.5406,49.4521,0.9832667466709069,0.6938295110239849,77.26597807442268,89.39756302939868,90.51025073926992,87.17218760965622,-4.894719941281711,1.0
193,1707109200000,2024-02-06,49.417,50.1214,49.2475,49.5892,1.0534628214020287,0.7657561730995937,74.24246446876856,90.8796071412991,90.33741480204806,91.96399181980118,-15.642209984011366,1.0
194,1707195600000,2024-02-07,49.7548,49.9556,49.2983,49.8816,1.1234014802779555,0.8372852345352662,75.7524067995227,89.15336661440007,89.81017892836594,87.83974198646834,-8.921661677739614,1.0
195,1707282000000,2024-02-08,53.3398,54.5166,50.1,53.3768,1.451377335747381,0.9601036547776891,85.48042206356138,86.31206888054366,88.78168087874762,81.37284488413573,-13.837705631268898,1.0
196,1707368400000,2024-02-09,52.4096,53.78,52.3202,52.7374,1.6175945748103473,1.0916018387842208,76.86358107041448,83.69630124442436,86.38724557978937,78.31441257369434,-24.77570170384395,1.0
197,1707454800000,2024-02-10,52.767,53.1822,52.3186,52.7599,1.7578981715142632,1.2248611053302292,77.78997021724304,77.98978526846038,82.66605179780947,68.63725220976221,-20.573121832484688,1.0
198,1707714000000,2024-02-13,52.1646,52.68,51.8972,52.2081,1.7997349134160316,1.3398358669473898,72.51929799478842,70.35750565419617,77.34786405569365,56.37678885120121,-28.12387899079274,1.0
199,1707800400000,2024-02-14,51.9828,52.8461,51.7212,52.208,1.7975006238699436,1.4313688183319004,70.95676284163234,65.44293638055636,71.26340910107096,53.801990939527144,-30.297740045438232,1.0
200,1707886800000,2024-02-15,52.4038,52.651,51.8774,52.2414,1.8088498201073975,1.5068650186869998,72.43779038994658,62.444327237194614,66.08158975731571,55.16980219695242,-25.263661365538688,1.0
201,1707973200000,2024-02-16,52.36,52.5344,52.047,52.3153,1.7936339502637182,1.5642188050023438,72.02627529504882,61.124045017194305,63.003769544981765,57.364595961619386,-26.20285769828925,1.0
202,1708059600000,2024-02-17,51.9686,52.5082,51.9564,52.1699,1.7300496197564144,1.597384967953158,68.29268908377193,58.295964761831335,60.62144567207341,53.64500294134719,-38.38736892852831,-1.0
203,1708405200000,2024-02-21,51.604,52.2432,51.3802,51.6392,1.631432271128105,1.6041944285881475,64.91691313834038,48.09866360987335,55.839557796299665,32.61687523702072,-45.779761717644845,-1.0
204,1708491600000,2024-02-22,51.3896,51.5174,51.1528,51.3576,1.5184730119905012,1.5870501452686183,62.946471434806156,31.412860022602498,45.93582946476906,2.366921138269376,-49.789029535864934,-1.0
205,1708578000000,2024-02-23,52.5474,52.7388,51.8734,52.4435,1.5050277461477535,1.5706456654444454,68.50588069319559,37.26218705393334,38.92457022880306,33.9374207041939,-32.951807228915555,1.0
206,1708664400000,2024-02-24,52.9344,53.1546,52.6254,52.9324,1.5082141874829489,1.5581593698521463,70.11966906082243,55.577705683432306,41.41758425332271,83.89794854365151,-30.02789850259061,1.0
207,1708923600000,2024-02-27,53.209,53.4534,52.9286,53.1517,1.5154284741417712,1.5496131907100714,71.24555988407346,82.36546769958308,58.40178681231624,130.2928294741168,-25.057969070386786,1.0
208,1709010000000,2024-02-28,52.9048,53.2716,52.5012,52.8403,1.4795441862061907,1.5355993898092954,68.18066577706841,84.8435437345138,74.2622390391764,106.00615312518863,-36.49413576053971,1.0
209,1709096400000,2024-02-29,53.4344,53.4594,52.6822,53.2289,1.4768161066417704,1.5238427331757907,70.55551014873082,88.1489615865605,85.11932434021914,94.20823607924322,-13.154689403167033,1.0
210,1709182800000,2024-03-01,53.7754,54.0697,53.4698,53.7851,1.4850511883888373,1.5160844242184002,72.00436688928629,88.3269072868218,87.10647086929869,90.76778012186801,-10.089478556001232,1.0
211,1709269200000,2024-03-02,53.7756,54.0998,53.599,53.8162,1.4745954696620203,1.5077866333071241,72.00523696792631,92.60855236855554,89.69480708064594,98.43604294437472,-11.001017984391055,1.0
212,1709528400000,2024-03-05,54.406,54.6378,53.5879,54.2003,1.499887479552271,1.5062068025561537,74.67675696302871,90.75271349179656,90.5627243823913,91.13269171060708,-6.651362984218072,1.0
213,1709614800000,2024-03-06,54.2266,54.6748,53.8764,54.2531,1.4882993108958829,1.5026253042240996,72.55478989401263,88.78282524863026,90.71469703632745,84.91908167323587,-12.725724020442932,1.0
214,1709701200000,2024-03-07,53.8028,54.5139,53.4286,53.7837,1.428452178063722,1.4877906789920243,67.66342182288616,79.07723892346654,86.20425922129779,64.82319832780402,-24.758659852356622,1.0
215,1709787600000,2024-03-08,53.8044,54.249,53.5602,53.7642,1.3654123768070292,1.4633150185550254,67.67228282840561,67.94630446488735,78.60212287899472,46.63466763667259,-24.713231118682476,1.0
216,1709874000000,2024-03-09,53.7224,54.0908,53.5072,53.814,1.293920653579626,1.4294361455599458,66.66405375242206,58.67378235799299,68.56577524878229,38.8897965764144,-27.041453719477502,1.0
217,1710129600000,2024-03-12,53.2518,53.6642,52.2996,53.1021,1.1856223444575278,1.3806733853394622,61.043127102791075,52.07612655849719,59.56540446045918,37.09757075457321,-40.40318001135705,-1.0
218,1710216000000,2024-03-13,54.3964,54.5523,53.3976,54.2539,1.1785689986273127,1.3402525079970324,68.09043950128827,61.517142604607955,57.42235050703271,69.70672679975844,-9.93788819875768,1.0
219,1710302400000,2024-03-14,54.4538,54.7626,54.0412,54.4127,1.1641908046164318,1.3050401673209124,68.39917086208754,71.94352719792631,61.84559878701049,92.13938401975798,-12.53755582622809,1.0
220,1710388800000,2024-03-15,54.9704,55.5132,54.5,55.0193,1.1808689625325002,1.2802059263632302,71.10847399180034,86.28353716287285,73.24806898846904,112.35447351168045,-16.890714463529992,1.0
221,1710475200000,2024-03-16,55.1278,55.168,54.3598,54.8999,1.1930348245746387,1.262771706005512,71.89899954452301,86.19298300938033,81.47334912339316,95.63225078135466,-11.992780682100982,1.0
222,1710734400000,2024-03-19,55.4706,56.2798,55.2802,55.6469,1.2163165133589402,1.2534806674761976,73.59362962198347,83.59528940098146,85.35726985774488,80.0713284874546,-20.330636651424637,1.0
223,1710820800000,2024-03-20,55.9512,55.9667,55.072,56.0509,1.2590344574109267,1.2545914254631434,75.79729045982366,86.47357204236816,85.42061481757666,88.57948649195114,-8.255866539369913,1.0
224,1710907200000,2024-03-21,57.9,60.4796,57.606,58.8268,1.4336147901307328,1.2903960983966614,82.26156215510665,79.95934816215568,83.34273653516844,73.19257141613016,-31.53545232273838,1.0
225,1710993600000,2024-03-22,58.0996,59.056,57.84,58.2215,1.5699792697245343,1.346312732662236,82.76918298257382,77.03777553822145,81.1568985809151,68.79952945283415,-29.09535452322733,1.0
226,1711080000000,2024-03-23,57.6408,58.4448,57.6402,57.8398,1.6223266053638383,1.4015155072025565,77.29377910175228,66.42815710801426,74.47509360279713,50.33428411844852,-34.704156479217595,1.0
227,1711339200000,2024-03-26,58.0688,58.2762,57.4298,57.9606,1.6789938728263891,1.457011180327323,78.70876889852742,64.45861271990123,69.30818178871232,54.75947458227904,-29.471882640586735,1.0
228,1711425600000,2024-03-27,59.1106,59.589,58.3,59.0999,1.7873640239970356,1.5230817490612656,81.69843061264514,66.70039353034419,65.86238778608656,68.37640501885946,-16.735941320293396,1.0
229,1711512000000,2024-03-28,58.4692,59.8798,58.0576,58.4888,1.8007347803387361,1.57861235531676,74.74011206680413,69.11171855486472,66.75690826837005,73.82133912785406,-24.57701711491439,1.0
230,1711598400000,2024-03-29,58.1354,58.9,58.0602,58.4105,1.7640613298333534,1.6157021502200788,71.33497075141942,67.14304709740485,67.65171972753792,66.12570183713868,-28.657701711491452,1.0
231,1711944000000,2024-04-02,57.54,58.3978,57.2692,57.6351,1.667729010151561,1.6261075222063752,65.59439675838338,56.4795412530469,64.24476896843882,40.949085822263044,-41.50804857384917,-1.0
232,1712030400000,2024-04-03,58.0388,58.0964,57.0,57.7182,1.613039825099996,1.6234939827850994,67.92326683599009,44.04779224106025,55.89012686383733,20.36312299550609,-37.91003976143138,-1.0
233,1712116800000,2024-04-04,57.9116,58.1404,57.4626,57.7706,1.5416629442179968,1.607127775071679,66.68366868712161,35.71615087421353,45.414494789440226,16.319463043760152,-41.96215562600083,1.0
234,1712203200000,2024-04-05,57.1206,58.405,57.0724,57.6738,1.4050723629660808,1.5667166926505596,59.42129605008559,21.898924355473284,33.88762249024902,-2.078471914078193,-54.887414621392786,-1.0
235,1712289600000,2024-04-06,58.1084,58.1146,57.481,57.9314,1.360843590042606,1.525542072128969,64.60539555501967,24.77718360071306,27.464086276799957,19.403378248539262,-43.849397144759166,-1.0
236,1712548800000,2024-04-09,58.6306,58.7504,58.0818,58.4912,1.3523402085208787,1.4909016994073512,67.0051862611021,33.099520800055615,26.591876252080652,46.11480989600554,-34.19261779717432,1.0
237,1712635200000,2024-04-10,58.5392,59.302,57.58,58.2843,1.3229755625021937,1.4573164720263199,66.15966676789876,49.51964256777092,35.798782322846534,76.9613630576197,-55.76503046327158,1.0
238,1712721600000,2024-04-11,59.3138,59.4474,58.0246,58.9009,1.3466838818607556,1.435189953993207,69.6544929792584,68.20376315521001,50.27430884101218,104.06267178360567,-19.654142648795123,1.0
239,1712808000000,2024-04-12,59.8138,60.0208,59.321,59.7445,1.3897979909666276,1.4261115613878912,71.68709599170884,80.37893747360665,66.03411439886253,109.06858362309492,-6.852489406779682,1.0
240,1712894400000,2024-04-13,59.152,59.8611,58.8294,59.3254,1.3549455352408373,1.4118783561584807,65.43915011337864,86.30935435950937,78.29735166277534,102.33335975297743,-28.760593220338983,1.0
241,1713153600000,2024-04-16,58.7326,59.658,58.6192,58.9932,1.2787420951680275,1.38525110396039,61.765254175743415,73.56514122712917,80.0844776867484,60.526468307890724,-42.644332627118736,1.0
242,1713240000000,2024-04-17,58.8466,58.9372,58.4077,58.6824,1.2135600028583582,1.3509128837399837,62.38345448649628,62.57430775439247,74.14960111367701,39.423721035823405,-38.87049788135588,1.0
243,1713326400000,2024-04-18,58.0592,59.099,57.87,58.1996,1.0858491327825845,1.297900133548504,55.68624081330537,46.41636285860232,60.85193728004132,17.545214015724312,-64.93644067796622,-1.0
244,1713412800000,2024-04-19,58.1594,58.8168,57.9534,58.2071,0.9814095720932272,1.2346020212574487,56.328747099714356,35.55956697230793,48.18341252843424,10.31187586005531,-61.61943855932211,-1.0
245,1713499200000,2024-04-20,57.3822,58.2768,56.9236,57.4585,0.8264006903896757,1.1529617550838942,50.24362237088718,20.436871041139785,34.137600290683345,-6.9645874579473315,-85.19307761849423,-1.0
246,1713758400000,2024-04-23,57.685,58.24,57.3404,57.7741,0.7196922994209132,1.0663078639512982,52.40108940461447,21.04284526686602,25.679761093437907,11.769013613722244,-75.41650523053075,-1.0
247,1713844800000,2024-04-24,58.3,58.6,57.8428,58.2654,0.676947066617231,0.9884357044844848,56.524390250968075,27.943518877265433,23.141078395090407,37.548399841615485,-55.55986051917873,-1.0
248,1713931200000,2024-04-25,58.5352,59.1998,58.3316,58.9725,0.6545051085332432,0.9216495852942366,58.02205986639845,41.295537657898294,30.093967267343245,63.69867843900839,-47.96590468810531,-1.0
249,1714017600000,2024-04-26,62.2394,62.9138,59.0446,61.4669,0.9249553680567928,0.9223107418467479,73.50325887046843,62.681576500893264,43.97354434535233,100.09764081197513,-11.258388701545831,1.0
250,1714104000000,2024-04-27,63.7394,63.9998,62.4074,63.4963,1.2459639147711883,0.987041376431636,77.17429882945098,79.97488293682464,61.317332365205395,117.28998408006312,-3.6799412113846,1.0
251,1714363200000,2024-04-30,64.1894,64.8284,63.415,64.1014,1.5191647543363516,1.0934660520125792,78.15223304600634,92.32599136829386,78.32748360200391,120.32300690087376,-8.083695982187983,1.0
252,1714449600000,2024-05-01,63.192,64.278,63.04,63.428,1.636333904943399,1.2020396225987433,70.9014915869592,89.17833892960596,87.15973774490816,93.21554129900156,-20.701346017609573,1.0
253,1714536000000,2024-05-02,62.7732,63.152,62.4,62.716,1.6760768701774893,1.2968470721144927,68.04672724867737,81.73852174206392,87.74761734665458,69.7203305328826,-25.999392774010715,1.0
254,1714622400000,2024-05-03,62.8398,63.3578,62.3666,62.7708,1.6934267504015992,1.3761630077719142,68.26555281845826,75.58070102957385,82.16585390041458,62.410395287892385,-25.156866713895415,1.0
255,1714708800000,2024-05-04,63.1076,63.528,62.9768,63.2245,1.7090846138204725,1.442747328981626,69.17954564072691,74.26997242313647,77.19639839825807,68.41712047289326,-21.769051715413468,1.0
256,1714968000000,2024-05-07,63.982,64.0444,63.1908,63.8186,1.771628129446995,1.5085234890746997,72.0138072161314,78.59378594026246,76.14815313099092,83.48505155880554,-10.70741827750231,1.0
257,1715054400000,2024-05-08,63.8736,64.2352,63.4978,63.9488,1.7917926715538428,1.5651773255705286,71.14039158471279,81.94344597533048,78.26906811290979,89.29220170017186,-12.078736969942296,1.0
258,1715140800000,2024-05-09,63.665,64.32,63.6206,63.9205,1.7705313564346667,1.6062481317433563,69.39613576107766,74.40192197881488,78.31305129813593,66.5796633401728,-14.717639914988395,-1.0
259,1715227200000,2024-05-10,64.6594,64.6594,63.377,64.2007,1.81302199152438,1.647602903699561,72.81760853036866,76.45627418474518,77.60054737963016,74.16772779497524,-2.2569444444444033,1.0
260,1715313600000,2024-05-11,64.7846,65.2,64.3764,64.7981,1.835638620252503,1.6852100470101494,73.22350792010616,77.07205635294757,75.97675083883587,79.26266738117096,-5.646169738487536,1.0
261,1715572800000,2024-05-14,63.908,64.7843,63.7492,64.0581,1.7625110374012962,1.7006702450883788,65.81336394601531,77.62511526708086,77.0511486015912,78.7730485980602,-18.810785626929142,1.0
262,1715659200000,2024-05-15,63.5334,63.96,63.4284,63.7038,1.6552491301828098,1.6915860221072652,62.88468351744867,60.30681631020442,71.66799597674427,37.58445697712472,-27.07541345810187,1.0
263,1715745600000,2024-05-16,63.366,63.8084,63.2152,63.5169,1.5389949392830502,1.6610678055424224,61.56620623239485,37.695859223226485,58.54259693350391,-3.9976161973283553,-64.72788875555871,-1.0
264,1715832000000,2024-05-17,62.9176,63.6236,62.7698,63.186,1.3946043915492439,1.6077751227437869,58.05495504352963,21.58943624016663,39.86403725786584,-14.959765795231789,-80.55339874355893,-1.0
265,1715918400000,2024-05-18,64.2686,64.3458,62.9046,63.7746,1.3733570462700655,1.5608915074490426,64.60489272364052,28.420679165836756,29.235324876409948,26.79138774469037,-32.87216771370068,1.0
266,1716177600000,2024-05-21,63.5278,64.8532,63.482,64.0378,1.2819643165354293,1.5051060692663198,59.15051348522264,32.9821962527091,27.664103886237484,43.61838098565234,-59.01743488388512,-1.0
267,1716264000000,2024-05-22,63.456,63.8352,63.35,63.5337,1.1900234107144456,1.442089537555945,58.63381613322346,40.36704797959032,33.92330779937871,53.25452834001352,-61.55149290604916,-1.0
268,1716350400000,2024-05-23,63.0676,63.6407,62.8202,63.1294,1.0734449413593694,1.36836061831663,55.79453224411219,23.893781033111225,32.41434175513687,6.8526595890599395,-87.74586453789806,-1.0
269,1716436800000,2024-05-24,62.7656,63.312,62.6088,62.9477,0.9457843748691133,1.2838453696271266,53.6203174656676,15.825590521825537,26.695473178175686,-5.91417479087476,-93.94874961407854,-1.0
270,1716523200000,2024-05-25,63.0326,63.3017,62.8576,63.1086,0.8562863883041629,1.1983335733625338,55.279545263842735,12.707654849275428,17.475675468070722,3.1716136116848404,-83.6446434084594,-1.0
271,1716868800000,2024-05-29,63.0768,63.2338,62.6,62.9451,0.7799345596472449,1.1146537706194761,55.56295781449857,15.676614843475031,14.736620071525323,17.55660438737445,-81.66153846153857,1.0
272,1716955200000,2024-05-30,61.457,62.8093,61.4028,61.8408,0.582011792925762,1.0081253750807333,44.44633988836867,13.871466647235906,14.085245446662112,13.443909048383492,-98.57263246602756,-1.0
273,1717041600000,2024-05-31,62.1168,62.1598,61.1053,61.7308,0.4729451034097707,0.9010893207465409,48.9286344431528,16.573431558513146,15.373837683074683,18.97261930939007,-75.29733558014024,-1.0
274,1717128000000,2024-06-01,62.5904,62.5904,61.1874,62.0562,0.41988436258203876,0.8048483291136405,51.92692478642577,22.728045272397924,17.72431449271565,32.73550683176248,-60.37514341364491,-1.0
275,1717387200000,2024-06-04,61.5294,63.039,60.5927,61.2357,0.2888893734710578,0.701656537985124,45.48451744676738,31.833835665526042,23.711770832145692,48.077965332286745,-78.01431756836048,-1.0
276,1717473600000,2024-06-05,61.5808,62.2566,61.2662,61.5983,0.1870660700539588,0.598738444398891,45.83511254582304,33.643679711875336,29.40185354993309,42.12733203575983,-76.80788639830999,-1.0
277,1717560000000,2024-06-06,62.9596,63.2213,61.6392,62.7311,0.21514791415674495,0.5220203383504618,54.32146370119027,49.44898836786829,38.30883458175654,71.72929594009179,-44.44548761882406,-1.0
278,1717646400000,2024-06-07,64.2332,64.4178,63.0618,63.8398,0.3362952516827846,0.4848753210169264,60.48072441252963,71.54424797883475,51.54563868619278,111.54146656411869,-14.55228259593955,1.0
279,1717732800000,2024-06-08,63.3804,64.7998,63.269,63.8291,0.3593492027167784,0.4597700973568968,55.12111403504286,82.82552015666566,67.93958550112289,112.59738946775119,-34.56871259241871,1.0
280,1717992000000,2024-06-11,62.5976,63.5262,62.42,62.7766,0.31087068341044954,0.4299902145676074,50.68141739816205,69.69697743251375,74.68891518933805,59.71310191886516,-52.344845618121816,1.0
281,1718078400000,2024-06-12,62.604,62.6666,61.6359,62.1842,0.26985679297489895,0.3979635302490657,50.71636777461672,53.90807603020286,68.81019120646074,24.103845677687076,-52.19272182738711,1.0
282,1718164800000,2024-06-13,63.4152,63.8538,62.4801,63.1734,0.29935922305558904,0.37824266881037044,55.063229087103586,54.18380040090949,59.26295128787535,44.025498626977765,-32.91103135176261,1.0
283,1718251200000,2024-06-14,65.3052,65.8706,63.7656,64.9849,0.46983139222928116,0.3965604134941526,63.2059448727219,68.06121759890398,58.71769801000543,86.7482567767011,-10.712594024138337,1.0
284,1718337600000,2024-06-15,65.4342,65.506,64.7458,65.1975,0.6083286029239972,0.4389140513801215,63.68957279067182,82.29949463695614,68.18150421225653,110.53547548635538,-8.268440099281765,1.0
285,1718596800000,2024-06-18,67.3092,67.6808,65.9,67.1867,0.8594779434634674,0.5230268297967907,69.88549175708616,91.22072815161421,80.52714679582476,112.60789086319312,-5.242589692583352,1.0
286,1718683200000,2024-06-19,68.5522,69.2614,67.4,68.5698,1.1456094445304217,0.6475433527435169,73.15573748990313,91.69146824433238,88.40389701096757,98.26661071106201,-8.181157497663964,1.0
287,1718856000000,2024-06-21,64.2884,68.9116,63.76,64.9281,1.0165989744885167,0.7213544770925169,52.21092834731314,73.11229991149038,85.34149876914564,48.65390219617987,-57.367309977274594,1.0
288,1718942400000,2024-06-22,64.2098,64.6668,63.8641,64.279,0.897667136427323,0.7566170089594781,51.915849293889806,53.0793609162241,72.62770969068228,13.982663367307737,-58.2740203260004,1.0
289,1719201600000,2024-06-25,63.8748,64.46,63.2842,63.9265,0.7675334497819222,0.7588002971239669,50.60316116260947,32.63305138460868,52.94157073744105,-7.983987321056063,-67.3729237542525,1.0
290,1719288000000,2024-06-26,65.6608,65.7954,64.28,65.2784,0.7993029722132121,0.766900832141816,56.865136520542336,36.67284527565882,40.795085858830525,28.42836410931541,-47.217887351649104,1.0
291,1719374400000,2024-06-27,65.86,66.31,62.75,65.157,0.8309753562011224,0.7797157369536774,57.51208570905641,41.342356529928985,36.88275106339882,50.261567462989305,-44.60559963281093,1.0
292,1719460800000,2024-06-28,62.41,65.89,61.84,62.8956,0.5711064222178379,0.7379938740065095,44.94040888006131,34.11562116069208,37.376940988759955,27.59298150455632,-89.84853452232645,-1.0
293,1719547200000,2024-06-29,62.65,63.77,61.57,62.542,0.3801423694136332,0.6664235730879342,45.82754334407918,23.161511478732823,32.87316305645129,3.7382083232958934,-85.95834308448399,-1.0
294,1719806400000,2024-07-02,61.81,62.76,60.25,61.1937,0.1591860047446616,0.5649760594192796,43.20374421637526,13.011184673313835,23.429439104246242,-7.825324188550979,-82.68859444703372,-1.0
295,1719892800000,2024-07-03,61.4,62.32,60.46,61.2183,-0.04844859440903093,0.4422911286536175,41.94151740956187,14.876685057302959,17.016460403116536,10.597134365675807,-87.23838693210823,-1.0
296,1719979200000,2024-07-04,61.58,62.81,60.84,61.8964,-0.19621417956466303,0.31459006700996145,42.7325550547161,17.511864325288258,15.133244685301682,22.26910360526141,-85.24091706061212,-1.0
297,1720152000000,2024-07-06,62.75,62.955,61.2,62.4536,-0.21641554480552117,0.20838894464686494,47.71881518952911,25.492770945146578,19.293773442579262,37.890765950281214,-72.25736289588741,-1.0
298,1720411200000,2024-07-09,59.51,62.66,59.04,59.7954,-0.488238089711551,0.06906353777518175,37.88219159442962,23.222081492881042,22.075572254438622,25.515099969765878,-95.40180405815252,-1.0
299,1720497600000,2024-07-10,57.48,60.16,57.35,58.1772,-0.8575778261511786,-0.11626473501009033,33.256574997610116,16.389980872104672,21.701611103377427,5.766720409559163,-98.90860855986705,-1.0
300,1720584000000,2024-07-11,58.3,58.63,56.82,57.8989,-1.0717604934340699,-0.30736388669488623,36.622998293846074,8.077782507836043,15.89661495760725,-7.55988239170637,-87.76009791921669,-1.0
301,1720670400000,2024-07-12,57.55,58.5,57.37,57.8118,-1.2871826915225526,-0.5033276476604195,34.8896381966852,9.424006766393424,11.297256715444709,5.677506868290852,-92.30769230769235,-1.0
302,1720756800000,2024-07-13,57.67,58.6699,57.43,57.8025,-1.4317193687540097,-0.6890059918791376,35.41633688649074,13.558686055794624,10.353491776674693,19.969074614034486,-91.04320337197048,-1.0
303,1721016000000,2024-07-16,56.61,57.8,56.48,56.8467,-1.613202869505109,-0.8738453674043319,32.885707095554366,8.788749951790185,10.590480924659408,5.185288006051739,-98.67751780264494,-1.0
304,1721102400000,2024-07-17,57.74,57.92,56.23,57.3667,-1.6468642690165893,-1.0284491477267834,37.97382577422938,12.772061443860508,11.706499150481768,14.903186030617988,-85.01984126984122,-1.0
305,1721188800000,2024-07-18,55.29,57.39,55.1,55.6485,-1.8499110718359475,-1.1927415325486164,32.26277236406652,8.960031702820993,10.173614366157226,6.5328663761485295,-98.23911028730308,-1.0
306,1721275200000,2024-07-19,53.38,54.55,52.63,53.2547,-2.1402763894655124,-1.3822485039319956,28.645802962100788,10.783313466282204,10.838468870987898,10.673002656870818,-93.26750448833035,-1.0
307,1721361600000,2024-07-20,53.54,54.0,52.95,53.4079,-2.330616437301039,-1.5719220906058045,29.360239517223732,7.327134053409086,9.023493074170759,3.934416011885741,-91.18644067796613,-1.0
308,1721620800000,2024-07-23,53.56,54.03,52.98,53.465,-2.451588082331142,-1.747855288950872,29.455322564717648,11.653388859542412,9.921278793077898,15.117608992471443,-90.99273607748184,-1.0
309,1721707200000,2024-07-24,52.55,54.72,52.34,53.1577,-2.5989979115446857,-1.918083813469635,27.446175305657363,10.266729078699123,9.74908399721687,11.302019241663633,-98.02166745171932,-1.0
310,1721793600000,2024-07-25,51.78,52.49,51.46,53.2307,-2.746296234586133,-2.0837262976929347,25.99065189982001,7.717845200258936,9.87932104616682,3.394893508443168,-97.21618094823836,-1.0
311,1721880000000,2024-07-26,50.82,51.6,49.53,50.7189,-2.9069852770307136,-2.2483780935604907,24.263034135365857,7.710458880272142,8.56501105307673,6.0013545346629655,-90.17517136329018,-1.0
312,1721966400000,2024-07-27,49.83,51.59,49.41,49.9375,-3.078727572085242,-2.414447989265441,22.59504812425739,8.249719612667361,7.892674564399475,8.963809709203131,-96.09302325581393,-1.0
313,1722225600000,2024-07-30,50.97,51.29,49.59,50.7451,-3.087258115822152,-2.5490100145767833,28.6755582504764,13.286563097960022,9.748913863633172,20.361861566613722,-83.15316580092656,-1.0
314,1722312000000,2024-07-31,52.57,52.76,51.1,52.0612,-2.9311238339542385,-2.6254327784522746,36.245334728072514,27.99820004955174,16.51149425339304,50.971611641869146,-65.87436149418457,-1.0
315,1722398400000,2024-08-01,54.32,54.51,52.8,54.051,-2.635792144924345,-2.6275046517466887,43.329728857900335,57.17542443679824,32.82006252810333,105.88614825418806,-46.97566928368554,1.0
316,1722484800000,2024-08-02,53.46,55.07,52.83,53.5673,-2.442973389759331,-2.590598399349217,40.92312493635333,74.51072381598827,53.22811610077941,117.07593924640598,-52.40893066980021,1.0
317,1722571200000,2024-08-03,52.57,52.85,51.15,52.2546,-2.3350615628949,-2.5394910320583537,38.537622804028814,73.28406744170059,68.3234052314957,83.20539186211036,-62.86721504112806,1.0
318,1722830400000,2024-08-06,52.18,52.74,47.98,51.5362,-2.2550159827259577,-2.4825960221918746,37.505884128086635,62.20784096780252,70.00087740849712,46.62176808641331,-55.36663124335812,1.0
319,1722916800000,2024-08-07,54.08,55.11,52.6585,54.3742,-2.015037069685036,-2.389084231690507,45.20280146872631,66.87424992677909,67.45538611209406,65.71197755614912,-14.4460028050491,1.0
320,1723003200000,2024-08-08,53.63,55.3,53.41,54.2988,-1.8399534532605557,-2.279258076004517,43.826055926169175,73.99271781249485,67.69160290235881,86.59494763276692,-22.81420765027315,1.0
321,1723089600000,2024-08-09,54.32,54.89,53.74,54.3865,-1.6267688141443841,-2.1487602236324905,46.51594231084591,83.11727046753377,74.66141273560255,100.02898593139619,-13.38797814207646,1.0
322,1723176000000,2024-08-10,55.55,56.14,54.53,55.5194,-1.3430854779235233,-1.9876252744906973,51.01861885656021,85.52247401692921,80.87748743231928,94.81244718614906,-7.230392156862783,1.0
323,1723435200000,2024-08-13,55.87,56.34,55.08,55.8906,-1.0799935708795516,-1.8060989337684683,52.14732825781738,91.2532067105609,86.63098373167463,100.49765266833344,-5.622009569378057,1.0
324,1723521600000,2024-08-14,51.68,52.106,48.0,50.2925,-1.195804828085791,-1.684040112631933,39.358330487846665,77.13532382650025,84.63700151799678,62.13196844350719,-55.74162679425837,-1.0
325,1723608000000,2024-08-15,51.65,52.53,51.08,51.7662,-1.275305900505657,-1.6022932702066779,39.28404353441493,60.845295055821346,76.4112751976275,29.713334772209038,-56.10047846889954,-1.0
326,1723694400000,2024-08-16,53.97,54.32,51.58,53.2911,-1.1379884398601945,-1.5094323041373814,47.53159699002222,53.269537480063796,63.75005212079514,32.3085081986011,-28.349282296650752,-1.0
327,1723780800000,2024-08-17,52.47,53.7,52.05,52.6756,-1.1370931252250287,-1.4349644683549108,43.42441253567482,56.38245384553599,56.83242879380705,55.48250394899388,-46.29186602870815,-1.0
328,1724040000000,2024-08-20,52.64,52.95,51.83,52.3056,-1.1098720881151465,-1.3699459923069581,44.01485415272555,60.29444387074071,56.6488117321135,67.58570814799512,-44.25837320574163,-1.0
329,1724126400000,2024-08-21,51.94,52.9199,51.8,52.1266,-1.1317374056146363,-1.322304274968494,42.067999408167815,52.15827338129494,56.27839036585721,43.91803941217039,-52.63157894736845,-1.0
330,1724212800000,2024-08-22,53.73,53.975,52.08,53.4722,-0.9931790372097851,-1.2564792274167522,48.358339872000826,57.19424460431651,56.54898728545072,58.484759242048085,-31.22009569377996,-1.0
331,1724299200000,2024-08-23,53.45,54.26,53.21,53.61,-0.8956398136765387,-1.1843113446687095,47.489690227573575,60.431654676258965,56.59472422062347,68.10551558752995,-34.5693779904306,1.0
332,1724385600000,2024-08-24,53.71,53.95,53.1,53.6213,-0.788272731835086,-1.1051036221019848,48.41627668676303,74.80028635319592,64.1420618779238,96.11673530374014,-31.534772182254216,1.0
333,1724644800000,2024-08-27,54.75,55.045,53.78,54.5322,-0.6122070952717209,-1.0065243167359321,52.060301628536976,82.7519074018803,72.66128281044506,102.93315658475078,-19.06474820143888,1.0
334,1724731200000,2024-08-28,56.14,56.3,54.19,55.8026,-0.3564040228044547,-0.8765002579496367,56.48490859690377,93.17272329154146,83.57497234887255,112.36822517687929,-2.3980815347722153,1.0
335,1724817600000,2024-08-29,55.77,56.98,55.226,55.7167,-0.18144259539786134,-0.7374887254392817,55.028972176288015,88.6036650832428,88.17609859222152,89.45879806528538,-13.474387527839578,1.0
336,1724904000000,2024-08-30,55.63,56.4865,55.54,55.9596,-0.053464923265650555,-0.6006839650045555,54.45700028083016,82.39644002355878,88.05760946611434,71.07410113844765,-15.033407572383014,1.0
337,1724990400000,2024-08-31,56.08,56.23,55.18,55.8439,0.08330920644780093,-0.4638853307140842,56.0386962705724,77.73487773487783,82.91166094722648,67.38131131018051,-10.022271714922036,1.0
338,1725336000000,2024-09-04,53.52,56.58,53.18,54.1251,-0.01469749199833359,-0.3740477629709341,46.20713373769051,61.9838205552492,74.03837943789527,37.87470278995707,-58.64406779661008,1.0
339,1725422400000,2024-09-05,53.34,53.47,52.65,53.1427,-0.10567484842196251,-0.3203731800611398,45.60133370731228,42.64952420016764,60.78940749676489,6.3697576069731525,-67.4074074074073,-1.0
340,1725508800000,2024-09-06,53.03,53.78,52.915,53.236,-0.20047847697696852,-0.29639423944430554,44.518809357723235,18.033023833089917,40.888789529502255,-27.678507559734754,-76.25482625482618,-1.0
341,1725595200000,2024-09-07,53.68,54.52,53.08,53.9419,-0.22061831727532422,-0.2812390550105093,47.34151033728461,16.16628175519638,25.616276596151312,-2.7337079267134854,-63.70656370656366,-1.0
342,1725854400000,2024-09-10,54.29,54.83,54.0,54.3471,-0.1852222569133417,-0.26203569539107574,49.916722443972496,23.479599692070867,19.226301760119053,31.986195555974497,-51.93050193050189,-1.0
343,1725940800000,2024-09-11,54.21,54.9,53.68,54.2422,-0.16176127222046688,-0.24198081075695396,49.574312677250035,32.56351039260975,24.069797279958994,49.55093661791127,-56.530612244897895,-1.0
344,1726027200000,2024-09-12,55.79,55.87,53.96,55.0842,-0.015496839515563465,-0.19668401650867587,55.994643531924915,51.26707371299517,35.77006126589193,82.26109860720165,-27.482678983833676,-1.0
345,1726113600000,2024-09-13,56.35,56.48,55.55,56.1372,0.14394676832464626,-0.12855785954201143,58.03411481171667,70.02450505086126,51.28502971882207,107.50345571493968,-14.549653579676574,1.0
346,1726200000000,2024-09-14,56.12,56.57,55.6905,56.2243,0.24887897653763247,-0.05307049232608265,56.86835992054701,87.44698897370655,69.57952257918767,123.18192176274434,-19.86143187066974,1.0
347,1726459200000,2024-09-17,57.66,57.75,56.395,57.4754,0.4511035957752867,0.04776432529419122,62.32532269357941,93.55934740308338,83.67694714255039,113.32414792414934,-1.7647058823530075,1.0
348,1726545600000,2024-09-18,58.5,58.765,57.49,58.318,0.6714094530609174,0.17249335084753648,64.93156422871148,94.0001816607115,91.66883934583382,98.66286629046687,-4.333605887162722,1.0
349,1726632000000,2024-09-19,56.93,58.54,56.81,57.3419,0.7111202021814478,0.2802187211143188,56.995410749253494,87.14248507512514,91.56733804630669,78.29277913276204,-30.008176614881442,1.0
350,1726718400000,2024-09-20,57.97,58.43,57.41,57.8119,0.8170916414960345,0.38759330519066193,60.4443174491075,82.51931427288095,87.88732700290586,71.78328881283113,-13.000817661488167,1.0
351,1726804800000,2024-09-21,57.23,58.18,56.99,57.3871,0.8317747732496628,0.4764295988024621,56.94483329223316,73.96701111880786,81.20960348893797,59.48182637854762,-25.10220768601804,1.0
352,1727064000000,2024-09-24,58.29,58.5,57.28,58.1987,0.918358141167765,0.5648153072755228,60.47488095623449,81.43114060622553,79.30582199930478,85.681777820067,-7.767784137367151,1.0
353,1727150400000,2024-09-25,57.96,58.34,57.52,57.9641,0.9494037070162094,0.6417329872236601,58.85700140987039,78.29625328630954,77.89813500378096,79.09248985136668,-13.760683760683753,1.0
354,1727236800000,2024-09-26,58.38,58.4499,57.63,58.1294,0.9964120140824662,0.7126687925954214,60.31228389918959,84.18440749716393,81.30393379656631,89.94535489835917,-6.772207563764255,1.0
355,1727323200000,2024-09-27,58.05,59.0,57.755,58.2735,0.9955619752986848,0.7692474291360741,58.559618807505835,75.32347608574624,79.26804562307323,67.43433701109225,-17.85714285714291,-1.0
356,1727409600000,2024-09-28,57.34,58.13,56.89,57.3488,0.9269123782424558,0.8007804189573505,54.865414431422785,58.40340724936049,72.63709694409022,29.93602785990103,-31.203007518796927,1.0
357,1727668800000,2024-10-01,57.62,58.105,57.1,57.6235,0.8849001597141637,0.8176043671087132,56.0431125366943,41.572961492504966,58.433281609203895,7.852321259107114,-27.38095238095244,-1.0
358,1727755200000,2024-10-02,57.17,57.87,56.744,57.1345,0.8060028356852769,0.8152840608240259,53.621510747452646,26.690064445092137,42.22214439565253,-4.374095456028641,-53.04347826086947,-1.0
359,1727841600000,2024-10-03,57.68,57.81,55.94,57.2203,0.7756872361106772,0.8073646958813563,55.94488497105795,37.57734173043548,35.28012255601086,42.171780079284716,-39.885179030064975,-1.0
360,1727928000000,2024-10-04,56.7,57.56,56.23,56.6483,0.6649193192233298,0.778875620549751,50.68997555708852,33.527441709544426,32.59828262835734,35.385759871918594,-75.16339869281032,-1.0
361,1728014400000,2024-10-05,57.11,57.25,56.435,56.934,0.603264463323292,0.7437533891044592,52.69205539773346,39.97821350762535,37.027665649201744,45.87930922447255,-61.764705882352914,-1.0
362,1728273600000,2024-10-08,56.73,57.47,56.425,56.8038,0.517771177779693,0.698556946839506,50.639840085599474,29.62962962962968,34.378428282266476,20.13203232435609,-74.18300653594775,-1.0
363,1728360000000,2024-10-09,57.98,58.35,57.15,57.9657,0.5446038323791029,0.6677663239474254,56.624426152428086,43.572984749455316,37.72694262890344,55.26506899055907,-33.33333333333341,1.0
364,1728446400000,2024-10-10,57.93,58.4,57.54,57.9528,0.5554316519953986,0.64529938955702,56.33022543793441,57.79265635793612,43.665090245673696,86.04778858246095,-34.96732026143789,1.0
365,1728532800000,2024-10-11,58.33,58.355,57.015,58.0322,0.5894941129255997,0.6341383342307361,58.201243341292304,81.57181571815717,60.97915227518286,122.7571426041058,-21.895424836601347,1.0
366,1728619200000,2024-10-12,58.65,59.48,58.485,58.8834,0.6349904100882853,0.6343087494022459,59.68920925014747,84.86748426806305,74.74398544805211,105.11448190808494,-23.446327683615777,1.0
367,1728878400000,2024-10-15,59.28,59.6,58.6942,59.1587,0.7136557094597578,0.6501781414137483,62.51816234889804,88.3216581540642,84.9203193800948,95.12433570200298,-8.743169398907103,1.0
368,1728964800000,2024-10-16,59.81,60.09,58.91,59.6956,0.8094344401985438,0.6820294011707074,64.75881693951968,86.85220563570482,86.6804493526107,87.19571820189307,-6.746987951807247,1.0
369,1729051200000,2024-10-17,59.12,60.08,58.85,59.2218,0.8202076971568744,0.7096650603679409,59.750907701025355,85.84545629149848,87.00644002708917,83.52348882031711,-23.373493975903724,1.0
370,1729137600000,2024-10-18,58.86,59.385,58.52,58.8387,0.7985604460882456,0.7274441375120019,57.93291609650559,77.57294295334425,83.42353496018252,65.87175893966773,-29.638554216867526,1.0
371,1729224000000,2024-10-19,59.39,59.495,58.75,59.165,0.8147791474323327,0.7449111394960681,60.56679979743719,72.40282907603967,78.6070761069608,59.99433501419739,-16.86746987951812,1.0
372,1729483200000,2024-10-22,59.7,59.845,59.21,59.6539,0.8429302194548214,0.7645149554878189,62.06299327193209,76.9973787050285,75.6577169114708,79.67670229214389,-9.397590361445785,1.0
373,1729569600000,2024-10-23,59.88,60.1,59.25,59.8561,0.8697388346353563,0.7855597313173264,62.942219493733035,85.80718837982545,78.40246538696454,100.61663436554727,-5.6847545219637885,1.0
374,1729656000000,2024-10-24,59.02,59.58,58.42,58.9555,0.8122271931427818,0.7908932236824175,56.2362088975487,71.96669283201288,78.25708663895561,59.38590521812742,-29.387755102040735,-1.0
375,1729742400000,2024-10-25,59.44,59.63,58.97,59.3614,0.7914163379204737,0.7909978465300288,58.558381076235385,63.09909701319748,73.62432607501194,42.048638889568565,-17.959183673469468,-1.0
376,1729828800000,2024-10-26,59.44,59.86,59.225,59.4894,0.7660925472144413,0.7860167866669113,58.55838107623538,52.380952380952266,62.48224740872087,32.17836232541505,-21.393841166936905,1.0
377,1730088000000,2024-10-29,60.6,61.25,59.84,60.8103,0.8300571835876198,0.7948248660510531,64.57873014982871,66.15345784957078,60.544502414573515,77.37136871956534,-15.34828807556077,1.0
378,1730174400000,2024-10-30,60.49,60.7891,59.94,60.0948,0.861937657286397,0.8082474242981219,63.634673276661566,70.29698805317175,62.94379942789826,85.00336530371872,-17.945690672963355,1.0
379,1730260800000,2024-10-31,55.73,58.0,55.51,56.3827,0.4973774853149351,0.7460734365014845,37.84958118978158,51.33647701949007,62.59564097407753,28.818149110315133,-96.1672473867596,-1.0
380,1730347200000,2024-11-01,55.77,57.42,55.02,56.4448,0.20927618265564263,0.6387139857323162,38.07665497446211,29.672050737602387,50.435171936754735,-11.854191660702313,-87.96147672552166,-1.0
381,1730433600000,2024-11-02,58.59,58.96,56.25,58.2284,0.20612814002907953,0.5521968165916689,51.523684116729484,24.391548891411883,35.13335888283478,2.9079289085660918,-42.696629213483114,-1.0
382,1730696400000,2024-11-05,56.38,58.4,56.37,57.0543,0.02501638993670241,0.44676073126067556,43.543341455281904,30.39058319957198,28.15139427619542,34.86896104632511,-78.1701444622793,-1.0
383,1730782800000,2024-11-06,56.18,56.765,55.885,56.2035,-0.13311978338280994,0.33078462833197847,42.89582316220287,32.58426966292135,29.1221339179684,39.508541152827256,-81.38041733547357,-1.0
384,1730869200000,2024-11-07,57.69,58.26,57.19,57.833,-0.13504277064588166,0.23761914853640645,49.05551645394903,27.76886035312999,30.247904405207773,22.810772248974423,-57.14285714285721,-1.0
385,1730955600000,2024-11-08,58.21,59.14,57.81,58.44,-0.09352895416370899,0.17138952799638338,51.01510318357287,37.560192616372355,32.6377742108079,47.405029427501276,-48.79614767255217,-1.0
386,1731042000000,2024-11-09,58.81,59.425,58.0,58.9906,-0.012074779379524614,0.13469666652120177,53.249627040841936,53.251939200188474,39.52699738989694,80.70182282077154,-39.16532905296948,1.0
387,1731301200000,2024-11-12,59.27,59.3799,58.31,58.8842,0.08857535504545666,0.12547240422605274,54.946474655317914,71.12664867535206,53.9795934973043,105.42075903144759,-31.781701444622755,1.0
388,1731387600000,2024-11-13,60.49,60.7762,59.17,60.2582,0.26374482953744405,0.15312688928833101,59.178368832152294,85.73468784660766,70.03775857404939,117.1285463917242,-12.199036918138017,1.0
389,1731474000000,2024-11-14,59.27,61.27,59.19,59.9362,0.30065829440111713,0.18263317031088824,53.74204985963693,84.78967895090825,80.550338490956,93.26835987081279,-32.0,1.0
390,1731560400000,2024-11-15,59.91,60.725,58.79,60.0522,0.3772069259108264,0.22154792143087587,56.024281445323155,77.54414222190906,82.689503006475,67.25342065277718,-21.760000000000105,1.0
391,1731646800000,2024-11-16,58.63,59.44,58.525,58.8155,0.33077400842229565,0.24339313882915986,50.64275666027509,62.8597957288765,75.06453896723127,38.45030925216696,-42.24000000000001,1.0
392,1731906000000,2024-11-19,58.81,59.38,58.462,58.9518,0.30498441200339244,0.2557113934640064,51.350466041926246,55.141824603564736,65.1819208514501,35.061632107794,-39.360000000000014,1.0
393,1731992400000,2024-11-20,58.73,59.0484,57.67,58.5435,0.27492151552700506,0.25955341787660613,51.00045617865717,40.04175238650086,52.68112423964737,14.763008680207847,-40.6400000000001,-1.0
394,1732078800000,2024-11-21,58.88,59.22,58.19,58.6892,0.26020076739846587,0.2596828877809781,51.66569460974146,34.253812636165556,43.14579654207705,16.469844824342573,-44.38254410399254,-1.0
395,1732165200000,2024-11-22,59.98,60.065,58.71,59.7351,0.33345145456387115,0.27443660113755675,56.34620689084854,42.407407407407305,38.900990810024574,49.42024060217277,-23.955431754874745,-1.0
396,1732251600000,2024-11-23,62.01,62.425,60.24,61.897,0.5489788994420195,0.32934506079844933,63.39161988024194,63.01670755929427,46.55930920095571,95.93150427597138,-6.345565749235462,1.0
397,1732510800000,2024-11-26,62.0,62.59,61.81,62.1121,0.7107855425865353,0.4056331571560665,63.33739066958765,81.14904721602414,62.19105406090858,119.06503352625528,-10.925925925925977,1.0
398,1732597200000,2024-11-27,62.71,62.74,61.85,62.5097,0.8860951855905199,0.5017255628429572,65.58826396305238,92.8962530016915,79.0206692590033,120.64742048706793,-0.5917159763313833,1.0
399,1732683600000,2024-11-28,62.05,62.69,61.51,61.9262,0.9606985220114055,0.5935201546766469,61.790568478599866,91.26898221644933,88.43809414472166,96.93075835990467,-13.609467455621397,1.0
400,1732856400000,2024-11-30,61.52,62.13,61.52,61.6649,0.9659210958794944,0.6680003429172164,58.84402411306683,87.24523339907951,90.47015620574011,80.79538778575832,-24.063116370808654,1.0
401,1733115600000,2024-12-03,60.54,62.11,60.51,60.8928,0.8808285700396183,0.7105659883416968,53.740959155071806,72.97830374753447,83.83083978768776,51.27323166722786,-43.392504930966524,1.0
402,1733202000000,2024-12-04,60.94,60.99,60.41,60.7915,0.8360315361760229,0.7356590979085621,55.43958059192187,64.32797971259507,74.85050561973635,43.282927898312494,-35.502958579881735,1.0
403,1733288400000,2024-12-05,63.89,64.14,62.67,63.6851,1.0267343553862887,0.7938741494041075,65.50089128479719,70.81433464773878,69.37353936928945,73.69592520463743,-3.863987635239568,1.0
404,1733374800000,2024-12-06,65.22,65.42,63.51,64.7669,1.2705415857603057,0.8892076366753472,68.90928890867488,83.99150167105964,73.04460534379781,105.88529432558329,-2.5806451612903594,1.0
405,1733461200000,2024-12-07,65.4,66.06,65.12,65.5584,1.4614385145631914,1.003653812252916,69.35062510481072,93.28450954813836,82.69678195564559,114.45996473312388,-7.866507747318195,1.0
406,1733720400000,2024-12-10,64.58,65.6816,63.74,64.4068,1.5289339600405185,1.1087098418104364,64.83542225022545,86.08762998143527,87.78788040021108,82.68712914388365,-17.640047675804578,1.0
407,1733806800000,2024-12-11,64.83,65.11,64.32,64.8395,1.5843342781775647,1.2038347290838622,65.57138739760182,80.11799410029498,86.49671120995622,67.36055988097249,-15.628970775095341,1.0
408,1733893200000,2024-12-12,65.57,65.79,64.93,65.5108,1.6687153333769302,1.296810849942476,67.72466021930518,81.12094395280228,82.44218934484418,78.47845316871846,-6.666666666666789,1.0
409,1733979600000,2024-12-13,66.16,66.74,65.41,66.3403,1.7628746748194288,1.3900236149178666,69.36955390689215,86.79826830143479,82.679068784844,95.03666733461634,-8.923076923076907,1.0
410,1734066000000,2024-12-14,64.59,66.43,64.224,64.8743,1.6913143335015093,1.450281758634595,60.52929560047394,82.7331571810035,83.55078981174685,81.09789191951683,-33.965244865718674,1.0
411,1734325200000,2024-12-17,64.8,65.35,64.55,64.8625,1.6327264383549647,1.486770694578669,61.240796128761815,69.7353967496148,79.75560741068436,49.69497542747567,-30.64770932069508,-1.0
412,1734411600000,2024-12-18,64.29,64.87,63.97,64.3973,1.5275339115210258,1.4949233379671405,58.483585735871,47.50583809319314,66.65813067460381,9.201252930371794,-38.70458135860962,-1.0
413,1734498000000,2024-12-19,61.34,64.15,61.3,62.401,1.1923826849528751,1.4344152073642875,45.67401002140851,25.739351087648426,47.66019531015212,-18.102337357358962,-85.30805687203781,-1.0
414,1734584400000,2024-12-20,61.74,62.75,61.25,61.8071,0.9481202403772286,1.337156213966876,47.357685501048664,11.269739896725781,28.171643025855783,-22.534066361534222,-78.98894154818316,-1.0
415,1734670800000,2024-12-21,61.87,62.88,61.105,61.9944,0.7563121115458529,1.2209873934826714,47.922581154413386,7.7454926692305754,14.918194551201594,-6.599911094711462,-76.93522906793046,-1.0
416,1734930000000,2024-12-24,61.58,61.94,60.96,61.4314,0.5742822429566488,1.091646363377467,46.718214228827065,11.075942496220145,10.030391687392168,13.167044113876102,-89.27335640138412,-1.0
417,1735016400000,2024-12-25,62.24,62.43,61.61,62.1708,0.47777129471203494,0.9688713496443806,49.80971193221899,15.482612482333096,11.434682549261273,23.57847234847674,-77.85467128027678,-1.0
418,1735189200000,2024-12-27,61.47,62.11,61.46,61.6819,0.33528811537836845,0.8421547027911782,46.425349895955435,14.06518516644209,13.541246714998444,15.11306206932938,-91.17647058823532,-1.0
419,1735275600000,2024-12-28,60.78,61.15,60.43,60.7391,0.16479231259126692,0.706682224751196,43.56855544026022,12.860911012973935,14.136236220583042,10.310260597755718,-94.45324881141043,-1.0
420,1735534800000,2024-12-31,60.09,60.635,59.78,60.2226,-0.02570773019168371,0.5602042337626201,40.86076538155109,7.5092592000472145,11.478451793154413,-0.42912598616718256,-95.54597701149422,-1.0
421,1735621200000,2025-01-01,60.3,60.69,59.89,60.3191,-0.15791479812486386,0.4165804273851233,42.041397573352945,8.367835973432848,9.579335395484666,5.9448371293292155,-92.52873563218395,-1.0
422,1735794000000,2025-01-03,59.89,61.16,59.69,60.1183,-0.29240278812237364,0.27478378428362393,40.347808221553656,8.086426419525411,7.987840531001825,8.283598196572585,-97.16312056737586,-1.0
423,1735880400000,2025-01-04,59.7,60.2,59.21,59.7321,-0.409595341104783,0.13790795920594257,39.552636664545645,10.506801538411798,8.987021310456685,13.546361994322023,-93.21329639889194,-1.0
424,1736139600000,2025-01-07,58.8,59.93,58.5,58.9523,-0.568539986990082,-0.003381630033262348,35.939483950426165,9.0848929667836,9.22604030824027,8.802598283870264,-95.62043795620441,-1.0
425,1736226000000,2025-01-08,57.99,58.95,57.865,58.1827,-0.7512055643989228,-0.15294641690639446,33.01623614049713,7.907770684551198,9.1664883965822,5.390335260489195,-98.21556031406139,-1.0
426,1736312400000,2025-01-09,57.92,58.14,57.4,57.8567,-0.8913429191847655,-0.30062571736206867,32.768183492510374,7.137384372937173,8.04334934142399,5.325454435963536,-92.29629629629625,-1.0
427,1736485200000,2025-01-11,56.5,57.78,56.42,56.8986,-1.1710252910376866,-0.5851622195520689,27.846183032045175,5.155443015210727,6.7335326908996995,1.9992636638327816,-98.76160990712077,-1.0
428,1736744400000,2025-01-14,56.26,56.48,55.47,56.1649,-1.3178871768171163,-0.7317072110050784,27.10513154496718,8.870703481905752,7.054510290017883,12.50308986568149,-89.33873144399462,-1.0
429,1736830800000,2025-01-15,56.44,56.83,55.98,56.3945,-1.403572276196229,-0.8660802240433085,28.639005074839616,10.873074137517625,8.299740211544702,16.01974198946347,-86.06321839080462,-1.0
430,1736917200000,2025-01-16,57.37,57.63,56.85,57.2281,-1.38052131672179,-0.9689684425790048,36.11835441030946,21.441124780316333,13.728300799913235,36.86677274112253,-72.70114942528738,-1.0
431,1737003600000,2025-01-17,58.36,59.11,57.07,58.4333,-1.2677546525555314,-1.0287256845743102,42.97068076060829,37.17957768720018,23.164592201678044,65.20954865824444,-56.47590361445782,-1.0
432,1737090000000,2025-01-18,57.52,58.9,57.08,57.7054,-1.2319659025386045,-1.0693737281671691,39.13489058623111,46.81846898418099,35.14639048389916,70.16262598474465,-63.9718804920913,-1.0
433,1737435600000,2025-01-22,56.2,57.84,56.055,56.4586,-1.2951859314137906,-1.1145361688164934,33.99887345282909,42.37281212200396,42.12361959779504,42.871197170421794,-87.17047451669589,-1.0
434,1737522000000,2025-01-23,55.9,56.31,55.3,55.8577,-1.3538889633654136,-1.1624067277262775,32.94077008995045,27.2557007038488,38.81566060334458,4.135780904857228,-89.76109215017061,-1.0
435,1737608400000,2025-01-24,57.56,57.77,55.64,57.0084,-1.2520307808390214,-1.1803315383488264,43.43158234855783,31.706853950948517,33.77845559226709,27.563650668311368,-61.43344709897601,1.0
436,1737694800000,2025-01-25,56.7,57.33,56.34,56.6455,-1.2265631930381318,-1.1895778692866876,39.94508787806747,37.27034120734916,32.077631954048826,47.655759713949834,-71.42857142857135,1.0
437,1737954000000,2025-01-28,58.3,58.48,56.22,57.8199,-1.0649966989714699,-1.164661635223644,48.265911971695836,58.267716535433124,42.41497056457693,89.9732084771455,-35.20518358531321,1.0
438,1738040400000,2025-01-29,57.83,58.21,57.07,57.6442,-0.9637694264238377,-1.124483193463683,46.23920606903122,60.62992125984254,52.05599300087494,77.77777777777773,-33.5958005249344,-1.0
439,1738126800000,2025-01-30,58.27,58.56,57.5,58.2536,-0.8383774672890993,-1.0672620482287662,48.42268230918976,74.36570428696415,64.42111402741327,94.25488480606589,-22.04724409448808,1.0
440,1738213200000,2025-01-31,58.99,59.57,58.49,58.9103,-0.6731458472571603,-0.9884388080344452,51.86764417402082,76.92460573575849,70.64007709418838,89.4936630188987,-13.583138173302059,1.0
441,1738299600000,2025-02-01,58.35,59.075,58.2,58.5185,-0.5870738276052734,-0.9081658119486109,48.75063484186776,78.59939638692711,76.62990213654992,82.5383848876815,-28.571428571428527,1.0
