,Timestamp,Date,Close,Volume,Open,High,Low,Vwap,Transactions,MACD Value,Signal,RSI Value,%K,%D,%J,Williams %R,Target
0,1682654400000,2023-04-29,1.47,1788824.0,1.43,1.47,1.42,1.456,5540,0.02639150114424904,0.03904204046359065,56.573965178895264,38.36477987421378,27.193770589996962,60.70679844264742,-54.7169811320755,1.0
1,1682913600000,2023-05-02,1.51,2177814.0,1.48,1.535,1.47,1.5094,7986,0.03000424784323319,0.037234481939519164,59.44020214484786,58.730158730158685,39.642607567135826,96.90526105620441,-39.62264150943397,1.0
2,1683000000000,2023-05-03,1.47,1512385.0,1.52,1.525,1.44,1.4746,5107,0.02930193545248594,0.035647972642112516,55.4955835097666,63.49206349206346,53.52900069881198,83.41818907856641,-54.7169811320755,-1.0
3,1683086400000,2023-05-04,1.53,2342667.0,1.48,1.57,1.47,1.5292,7548,0.033204090297883626,0.03515919617326674,59.80459001314603,71.42857142857139,64.55026455026452,85.18518518518513,-32.075471698113205,1.0
4,1683172800000,2023-05-05,1.69,4483328.0,1.58,1.715,1.5701,1.6566,11615,0.048646472694729104,0.03785665147755921,68.54949471622858,77.01766152470374,70.64609881511286,89.7607869438855,-6.849315068493188,1.0
5,1683259200000,2023-05-06,1.83,3829279.0,1.71,1.85,1.71,1.81,11067,0.07135892075271677,0.044557105332590725,73.90017447434245,89.94283159273095,79.46302151533536,110.90245174752215,-4.0000000000000036,1.0
6,1683518400000,2023-05-09,1.86,3281111.0,1.9,1.91,1.82,1.8649,9982,0.09073352910865906,0.0537923900878044,74.88616397076478,93.26173491163429,86.74074267635633,106.30371938219022,-8.9285714285714,1.0
7,1683604800000,2023-05-10,1.85,2087753.0,1.85,1.86,1.81,1.8425,6782,0.10408134444042405,0.06385018095832834,73.88420550147579,91.83556784634953,91.68004478357159,92.14661397190542,-10.714285714285687,1.0
8,1683691200000,2023-05-11,1.83,2168189.0,1.88,1.885,1.79,1.8272,7560,0.11175748073237157,0.07343164091313699,71.81465562530911,87.75393519328833,90.95041265042407,81.36098027901684,-14.545454545454522,1.0
9,1683777600000,2023-05-12,1.78,2200996.0,1.86,1.87,1.77,1.8078,8250,0.1125093541151525,0.08124718355354009,66.77864557522054,81.56438006756298,87.05129436906695,70.59055146455503,-23.636363636363626,1.0
10,1683864000000,2023-05-13,1.72,2952662.0,1.77,1.77,1.69,1.7129,7110,0.10702994603482252,0.08640373604979658,61.229804244923244,71.8627876682588,80.39370097637004,54.800961052036314,-34.54545454545455,1.0
11,1684123200000,2023-05-16,1.72,1840253.0,1.73,1.755,1.7,1.7264,6049,0.1015172480113753,0.08942643844211233,61.229804244923244,62.9110251450677,72.1127309602965,44.507613514610085,-34.54545454545455,1.0
12,1684209600000,2023-05-17,1.62,2123310.0,1.73,1.73,1.62,1.651,7025,0.08806408291595202,0.08915396733688027,52.75639928115686,43.691146123494825,59.488319645607106,12.096799079270255,-54.71698113207544,-1.0
13,1684296000000,2023-05-18,1.64,2353252.0,1.63,1.64,1.58,1.6185,6260,0.07811571615553814,0.08694631710061185,54.1238042939758,29.89359615573207,45.49858914143153,-1.3163898156668523,-55.102040816326536,-1.0
14,1684382400000,2023-05-19,1.58,3193660.0,1.65,1.68,1.55,1.6034,8766,0.06464487933577767,0.08248602954764502,49.49546173127174,13.731979994115912,29.105574091114267,-17.015208199880796,-70.21276595744678,-1.0
15,1684468800000,2023-05-20,1.55,2012494.0,1.61,1.625,1.53,1.5582,7321,0.05096094872957457,0.07618101338403094,47.316716413341595,10.716318110684298,18.11396475351076,-4.078975174968626,-76.59574468085104,-1.0
16,1684728000000,2023-05-23,1.5,2541222.0,1.53,1.545,1.485,1.5148,6919,0.03567056493577381,0.06807892369437951,43.852027860808946,5.905712050078244,10.118003384959485,-2.518870619684236,-93.18181818181817,-1.0
17,1684814400000,2023-05-24,1.57,3108173.0,1.49,1.585,1.49,1.5483,8686,0.02886846293281553,0.06023683154206672,49.43438497089172,10.487241631607818,9.03642393079012,13.388877033243215,-80.0,-1.0
18,1684900800000,2023-05-25,1.49,1713159.0,1.54,1.56,1.48,1.4975,5576,0.016828429022431646,0.051555151038139714,44.04480565054707,9.758732646663669,8.717228776116576,11.841740387757856,-97.67441860465115,-1.0
19,1684987200000,2023-05-26,1.42,2095422.0,1.48,1.5,1.4,1.4291,5727,0.0016195314684561701,0.04156802712420301,39.94142313154589,10.386666918964147,10.210880399078544,10.738239958735356,-96.078431372549,-1.0
20,1685073600000,2023-05-27,1.41,2182848.0,1.4,1.43,1.37,1.3966,8252,-0.011112448455238955,0.031031932008314618,39.37703616774235,6.73106326336048,8.958820942996098,2.275547904089244,-92.2330097087379,-1.0
21,1685419200000,2023-05-31,1.39,1959414.0,1.44,1.45,1.37,1.4023,7234,-0.022556450407362316,0.02031425552517923,38.21400676552601,7.732175610412739,8.283301930912456,6.629922969413304,-96.11650485436897,-1.0
22,1685505600000,2023-06-01,1.39,3565977.0,1.39,1.42,1.34,1.3856,6745,-0.031265495237004615,0.009998305372742463,38.21400676552601,10.756202122425977,8.4064803320664,15.455645703145134,-90.5660377358491,-1.0
23,1685592000000,2023-06-02,1.4,1980202.0,1.37,1.41,1.34,1.3743,6944,-0.03693479822049062,0.0006116846540958464,39.254410239195956,14.070042278371394,10.85280667040337,20.504513494307442,-86.04651162790702,-1.0
24,1685678400000,2023-06-03,1.45,3100723.0,1.41,1.47,1.4,1.4441,8938,-0.03696704644720472,-0.006904061566164267,44.304366289483475,26.885491038520627,17.23724514643933,46.18198282268322,-73.49397590361447,-1.0
25,1685937600000,2023-06-06,1.45,1776318.0,1.46,1.49,1.45,1.4631,7577,-0.03657103526930605,-0.012837456306792623,44.304366289483475,36.949516648764735,25.96834998855225,58.91184996918971,-71.79487179487182,-1.0
26,1686024000000,2023-06-07,1.52,3722072.0,1.44,1.5378,1.43,1.4978,11019,-0.03025996058269831,-0.016321957161973762,50.92810345601181,57.20470006184289,40.34656924970942,90.92096168610985,-47.05882352941176,1.0
27,1686110400000,2023-06-08,1.58,3925236.0,1.56,1.645,1.5405,1.5975,11960,-0.020184218756065908,-0.017094409480792192,55.78228617366823,68.4682218640064,54.20747952487134,96.9897065422765,-29.411764705882327,1.0
28,1686196800000,2023-06-09,1.62,2322463.0,1.59,1.64,1.57,1.6112,7024,-0.00886921625649828,-0.01544937083593341,58.71436517620296,84.10332836562345,69.92541676382426,112.45915156922186,-8.196721311475383,1.0
29,1686283200000,2023-06-10,1.56,2444469.0,1.64,1.66,1.5215,1.5682,6573,-0.004689436904911526,-0.013297384049729034,53.03360476210408,79.74726775956286,77.43960599639756,84.36259128589344,-31.24999999999997,1.0
30,1686542400000,2023-06-13,1.54,2709852.0,1.57,1.58,1.53,1.5415,15277,-0.002956681721703047,-0.011229243584123838,51.25348614273929,74.35109289617489,79.4005630071204,64.25215267428388,-37.499999999999986,1.0
31,1686628800000,2023-06-14,1.54,3853985.0,1.55,1.58,1.51,1.5365,8700,-0.0015654156183724233,-0.009296477990973554,51.25348614273929,64.58333333333336,72.89389799635704,47.962204007285976,-37.499999999999986,1.0
32,1686715200000,2023-06-15,1.53,3456808.0,1.56,1.58,1.49,1.5259,8044,-0.0012552736215363236,-0.007688237117086109,50.27492360534371,58.333333333333364,65.75591985428053,43.488160291439016,-40.624999999999986,1.0
33,1686801600000,2023-06-16,1.52,3478637.0,1.53,1.545,1.49,1.5093,8847,-0.0017957005628013167,-0.006509729806229151,49.26203380843188,50.5434782608696,57.820048309178766,35.99033816425127,-43.749999999999986,0.0
34,1686888000000,2023-06-17,1.55,4685912.0,1.53,1.57,1.51,1.5451,5988,0.00019451423321981132,-0.005168880998339359,52.36275925505365,47.10144927536237,51.99275362318844,37.318840579710226,-34.37499999999998,-1.0
35,1687233600000,2023-06-21,1.65,3519668.0,1.57,1.67,1.55,1.6295,8119,0.00972879062060672,-0.002189346674550143,60.933173618745094,60.0644122383253,52.56977992485242,75.05367686527107,-6.060606060606069,1.0
36,1687320000000,2023-06-22,1.63,2507234.0,1.64,1.65,1.6,1.6271,7846,0.01549235427886586,0.0013469935161330576,58.660104041108184,72.94685990338165,60.03757380568978,98.76543209876537,-12.121212121212139,1.0
37,1687406400000,2023-06-23,1.61,1385153.0,1.62,1.64,1.6,1.6149,8191,0.018235974190278448,0.004724789650962136,56.39451828366323,77.77777777777779,70.26301663982825,92.80730005367687,-22.222222222222157,1.0
38,1687492800000,2023-06-24,1.6,3272139.0,1.59,1.62,1.56,1.5963,6807,0.019379995782521586,0.007655830877274027,55.24559761967265,68.51851851851858,73.08105206655934,59.39345142243704,-29.1666666666666,1.0
39,1687752000000,2023-06-27,1.62,1932535.0,1.61,1.65,1.6,1.6292,7389,0.02165089593846714,0.01045484388951265,57.12687555887495,66.66666666666676,70.9876543209877,58.02469135802488,-20.833333333333258,1.0
40,1687838400000,2023-06-28,1.66,1575476.0,1.62,1.67,1.62,1.6487,8008,0.02637424055137627,0.013638723221885375,60.686270093240964,75.92592592592598,70.37037037037044,87.03703703703707,-5.5555555555555625,1.0
41,1687924800000,2023-06-29,1.72,44901874.0,2.06,2.08,1.66,1.8327,134508,0.034560630313041685,0.017823104640116636,65.33522489711724,68.54990583804145,70.3808328102114,64.88805189370154,-61.016949152542374,1.0
42,1688011200000,2023-06-30,1.955,14860700.0,1.72,1.97,1.7,1.8688,38591,0.05932705385493864,0.02612389448308104,76.87139779404244,70.49922357683285,71.65835178026676,68.18096716996504,-21.186440677966097,1.0
43,1688097600000,2023-07-01,2.17,11716163.0,1.94,2.24,1.92,2.1259,28143,0.09520585231249368,0.03994028604896357,82.58244590204683,68.9694329166074,69.33952077716056,68.2292571955011,-9.333333333333368,1.0
44,1688356800000,2023-07-04,2.13,3264362.0,2.15,2.19,2.115,2.1459,10675,0.11904017187539306,0.05576026321424947,78.6894054998124,83.91625910470974,74.46163853271666,102.82550024869587,-14.666666666666705,1.0
45,1688529600000,2023-07-06,2.1,4581920.0,2.14,2.24,2.1,2.1535,16431,0.1339640385201104,0.07140101827542165,75.80315258809215,84.36345552713836,79.0830491828185,94.92426821577808,-18.66666666666668,1.0
46,1688616000000,2023-07-07,2.06,3269356.0,2.075,2.1,2.0,2.0517,13336,0.14093898773155433,0.0853086121666482,72.01054725645473,78.92156862745095,82.40042775309969,71.96385037615349,-24.000000000000014,1.0
47,1688702400000,2023-07-08,2.05,2619430.0,2.04,2.09,2.0215,2.0544,8699,0.14399982842164216,0.097046855417647,71.05344092362833,74.41789215686272,79.23430543715068,64.78506559628681,-26.02739726027402,1.0
48,1688961600000,2023-07-11,2.11,3108075.0,2.04,2.15,2.0333,2.1075,11537,0.14954322408001142,0.10754612915011988,73.34280304480357,74.29138994307397,75.87695024246256,71.12026934429679,-18.840579710144972,1.0
49,1689048000000,2023-07-12,2.15,2322371.0,2.09,2.16,2.08,2.1263,7495,0.15537302724163937,0.11711150876842379,74.7751229562856,77.94250556173522,75.55059588722396,82.72632491075771,-13.2352941176471,1.0
50,1689134400000,2023-07-13,2.15,2659176.0,2.15,2.17,2.09,2.1427,8351,0.15816990405212716,0.12532318782516447,74.7751229562856,82.28278333951299,78.17222628144073,90.5038974556575,-13.2352941176471,-1.0
51,1689220800000,2023-07-14,2.09,2565309.0,2.12,2.12,2.07,2.0899,10355,0.15377235848710047,0.13101302195755168,68.38314531895854,73.64703065134096,77.95743985086305,65.02621225229674,-22.05882352941181,-1.0
52,1689307200000,2023-07-15,2.09,2958539.0,2.07,2.1,2.0401,2.0747,8155,0.14857459648046056,0.13452533686213347,68.38314531895854,57.98611111111105,71.30530836732167,31.3477165986898,-23.43750000000005,-1.0
53,1689566400000,2023-07-18,2.12,3514266.0,2.07,2.12,2.0513,2.0996,8718,0.14520228041850025,0.13666072557340683,69.8763687786359,46.87499999999994,59.502713920817314,21.6195721583652,-19.354838709677434,1.0
54,1689652800000,2023-07-19,2.17,3363339.0,2.11,2.22,2.08,2.1582,9951,0.1448940295959562,0.1383073863779167,72.23038490892144,54.92424242424236,53.26178451178445,58.249158249158185,-12.068965517241423,1.0
55,1689739200000,2023-07-20,2.15,4260453.0,2.16,2.17,2.12,2.1465,14465,0.14140586693332513,0.13892708248899838,69.87811072930057,64.002747881841,55.26733010202776,81.47358344146748,-16.666666666666714,1.0
56,1689825600000,2023-07-21,2.12,1725192.0,2.13,2.16,2.1,2.1296,9056,0.13466835069413174,0.13807533613002507,66.38575210272819,62.81545989755248,60.58081673454527,67.2847462235669,-37.5,-1.0
57,1689912000000,2023-07-22,2.05,3118321.0,2.11,2.11,2.01,2.0531,10554,0.12227094223671098,0.13491445735136226,58.9788675124543,43.4070904891831,56.74176608952553,16.737739288498233,-79.16666666666676,-1.0
58,1690171200000,2023-07-25,1.84,4231347.0,2.0,2.02,1.83,1.9038,12154,0.09441233512919656,0.12681403290692914,43.35189833514518,22.683285886285336,42.968612091006975,-17.887366523157937,-97.5609756097561,-1.0
59,1690257600000,2023-07-26,1.81,2054090.0,1.82,1.86,1.8,1.825,8440,0.0691167046588741,0.11527456725731813,41.653962435403336,7.997557997557991,24.695978124342144,-25.399282256010313,-97.61904761904762,-1.0
60,1690344000000,2023-07-27,1.78,2026557.0,1.78,1.82,1.77,1.79,8110,0.04611737361051449,0.10144312852795741,39.96814013667,2.38909238909239,11.023312090978573,-14.879347014679976,-97.77777777777777,-1.0
61,1690430400000,2023-07-28,1.78,1929822.0,1.81,1.83,1.76,1.7948,7059,0.027572400582762446,0.08666898293891842,39.96814013667,2.983666896710376,4.456772427786919,0.0374558345572904,-95.65217391304348,-1.0
62,1690516800000,2023-07-29,1.86,2303663.0,1.79,1.87,1.7,1.8245,7872,0.019110414300816947,0.07315726921129813,46.64631781316509,12.446426359469841,5.939728548424203,25.45982198156112,-69.23076923076921,-1.0
63,1690776000000,2023-08-01,1.86,2926578.0,1.85,1.88,1.825,1.858,9240,0.012262870469653908,0.06097838946296928,46.64631781316509,23.053203349225566,12.827765535135262,43.50407897740617,-69.23076923076921,-1.0
64,1690862400000,2023-08-02,1.82,1832812.0,1.88,1.9077,1.81,1.8473,6792,0.0035673546991454863,0.049496182510204524,43.81959085799222,30.299580160819772,21.93306995650506,47.032600569449194,-76.92307692307692,-1.0
65,1690948800000,2023-08-03,1.76,2247903.0,1.76,1.79,1.75,1.7636,9769,-0.00807234973300952,0.03798247606156172,39.9125175632418,24.921218684897323,26.091334064980884,22.580987924730195,-88.46153846153845,-1.0
66,1691035200000,2023-08-04,1.85,3959522.0,1.74,1.88,1.73,1.8228,10075,-0.009920296513381555,0.028401921546573068,47.47744896702794,29.198700954400874,28.13983326670599,31.31643632979064,-71.15384615384615,1.0
67,1691121600000,2023-08-05,1.99,6908194.0,1.98,2.175,1.91,2.0715,18540,-8.697508474564408e-05,0.022704142220309326,56.62544952877975,40.85392597347029,31.657948537589494,59.24588084523187,-44.230769230769255,1.0
68,1691380800000,2023-08-08,1.82,4501190.0,2.02,2.025,1.81,1.8614,12860,-0.0059430682664725065,0.016974700122952963,46.120776272741004,44.39692982456143,38.14985225081086,56.891084972062586,-74.73684210526312,1.0
69,1691467200000,2023-08-09,1.88,2668100.0,1.84,1.925,1.83,1.8795,8728,-0.005677123400116502,0.012444335418339069,49.66962940206569,41.40350877192984,42.21812152332053,39.774283269148484,-62.10526315789474,1.0
70,1691553600000,2023-08-10,1.77,2968904.0,1.89,1.9,1.76,1.8042,8256,-0.014178994249551158,0.007119669484761025,43.95368371801977,25.96491228070177,37.255116959064345,3.384502923976626,-85.26315789473684,-1.0
71,1691640000000,2023-08-11,1.82,2424794.0,1.8,1.9,1.79,1.836,8853,-0.016689816205665897,0.0023577723466756406,46.94254390147545,24.285432682830688,30.551284578487437,11.753728891517191,-74.73684210526312,0.0
72,1691726400000,2023-08-12,1.81,2529383.0,1.82,1.8399,1.79,1.8108,7563,-0.01926450786694489,-0.0019666836960484657,46.40947923053751,17.646363098758155,22.63223602076354,7.674617254747382,-76.84210526315786,1.0
73,1691985600000,2023-08-15,1.75,1746973.0,1.8,1.8,1.74,1.7625,6942,-0.02584850266860861,-0.006743047490560495,43.23695931385117,14.232209737827732,18.721335173138858,5.253958867205483,-89.4736842105263,-1.0
74,1692072000000,2023-08-16,1.82,3816096.0,1.74,1.95,1.74,1.8531,10062,-0.025128287739215605,-0.010420095540291517,47.726583803565816,14.232209737827736,15.370260858137874,11.956107497207459,-74.73684210526312,-1.0
75,1692158400000,2023-08-17,1.79,2846203.0,1.81,1.85,1.785,1.8117,7389,-0.02667081692286266,-0.013670239816805747,46.04568636386132,12.071117999052925,13.511845824902798,9.189662347353181,-81.05263157894734,-1.0
76,1692244800000,2023-08-18,1.74,2632644.0,1.81,1.82,1.73,1.7571,6390,-0.03156401423856492,-0.01724899470115758,43.30800750223753,11.702934161053811,12.668753965978157,9.77129455120512,-97.75280898876404,-1.0
77,1692331200000,2023-08-19,1.75,1680418.0,1.74,1.79,1.7288,1.7601,6374,-0.034240291175499094,-0.020647253996025884,44.02481700272663,8.156056727104845,10.643369629070527,3.1814309231734796,-95.24876736889286,-1.0
78,1692590400000,2023-08-22,1.7,1765180.0,1.77,1.7747,1.69,1.7127,6551,-0.039935490585627065,-0.02450490131394612,41.21854733946762,5.606690384635051,8.48856042426457,-0.15704969462398566,-97.9381443298969,-1.0
79,1692676800000,2023-08-23,1.7,1784521.0,1.71,1.77,1.67,1.7065,7878,-0.043942436099708715,-0.02839240827109864,41.21854733946762,8.048175453238764,7.270307521659554,9.603911316397188,-94.05940594059405,-1.0
80,1692763200000,2023-08-24,1.8,3162545.0,1.74,1.88,1.73,1.8191,10734,-0.03860380439592981,-0.03043468749606488,48.7901028089328,20.329670329670346,11.328178722514721,38.33265354398159,-74.25742574257424,1.0
81,1692849600000,2023-08-25,1.74,1502123.0,1.81,1.81,1.74,1.7559,7210,-0.03876751113062227,-0.032101252222976356,45.04130758858785,27.380952380952408,18.586266054620506,44.97032503361621,-80.28169014084506,-1.0
82,1692936000000,2023-08-26,1.73,1435785.0,1.75,1.77,1.7,1.7358,6737,-0.03925169719192678,-0.033531341216766444,44.42859612247316,30.95238095238098,26.221001221001245,40.415140415140456,-78.57142857142856,-1.0
83,1693195200000,2023-08-29,1.73,1812715.0,1.76,1.79,1.72,1.7473,7276,-0.03918373245714357,-0.03466181946484187,44.42859612247315,25.000000000000025,27.777777777777803,19.444444444444464,-78.57142857142856,-1.0
84,1693281600000,2023-08-30,1.77,10049182.0,1.72,1.8,1.72,1.7699,10832,-0.03549306228080762,-0.03482806802803502,47.72734270934168,32.53968253968258,29.497354497354525,38.624338624338684,-64.28571428571426,1.0
85,1693368000000,2023-08-31,1.86,2670734.0,1.77,1.9,1.76,1.8655,8303,-0.025017545051133405,-0.0328659634326547,54.300529252799066,52.933057280883425,36.82424660685535,85.15067862893959,-32.14285714285709,1.0
86,1693454400000,2023-09-01,1.83,2387278.0,1.88,1.89,1.83,1.8477,8373,-0.01891829314696003,-0.03007642937551577,51.955251625975606,66.59765355417535,50.69013112491378,98.4126984126985,-42.85714285714281,1.0
87,1693540800000,2023-09-02,1.81,1378791.0,1.85,1.8798,1.8,1.8131,5992,-0.015519525493867148,-0.02716504859918605,50.3926411092003,71.01449275362326,63.515067862894,86.01334253508179,-49.999999999999964,1.0
88,1693886400000,2023-09-06,1.74,1709371.0,1.82,1.84,1.7315,1.7737,6529,-0.01826385823866472,-0.02538481052708178,45.26161670107097,50.14492753623194,62.585691281343514,25.263400046008798,-69.56521739130433,0.0
89,1693972800000,2023-09-07,1.76,1209266.0,1.75,1.77,1.72,1.7474,6540,-0.018610399753948847,-0.024029928372455198,46.92444773330127,36.95652173913047,52.70531400966189,5.458937198067645,-60.86956521739126,1.0
90,1694059200000,2023-09-08,1.71,1595399.0,1.73,1.77,1.71,1.7302,7569,-0.022658426300066647,-0.02375562795797749,43.37681610746521,18.33333333333336,35.14492753623192,-15.289855072463752,-82.60869565217389,-1.0
91,1694145600000,2023-09-09,1.71,1480173.0,1.71,1.72,1.69,1.7108,5374,-0.025571741385485902,-0.024118850643479173,43.37681610746521,14.841269841269863,23.37704163791123,-2.23027375201287,-82.60869565217389,-1.0
92,1694404800000,2023-09-12,1.72,1134260.0,1.73,1.745,1.72,1.7294,6210,-0.026765116550580892,-0.024648103824899518,44.35266611972955,9.603174603174619,14.259259259259276,0.29100529100530537,-78.26086956521738,-1.0
93,1694491200000,2023-09-13,1.68,2020532.0,1.73,1.76,1.67,1.6999,6952,-0.030585964710691194,-0.025835676002057856,41.287512936855734,9.385783298826793,11.276742581090419,5.603864734299538,-95.65217391304347,-1.0
94,1694577600000,2023-09-14,1.64,1560672.0,1.68,1.71,1.62,1.6536,7519,-0.036421831904957847,-0.027952907182637855,38.42755351187531,8.680315926692726,9.223091276231374,7.594765227615429,-92.85714285714293,-1.0
95,1694664000000,2023-09-15,1.65,1755666.0,1.64,1.68,1.63,1.6594,7300,-0.039781308118073344,-0.030318587369724957,39.554822343992704,7.767525868406104,8.61120836464187,6.080160875934574,-89.28571428571435,-1.0
96,1694750400000,2023-09-16,1.64,4291941.0,1.67,1.68,1.61,1.6468,6687,-0.04275774893327133,-0.03280641968243423,38.790025930468715,10.666076593043757,9.037972796047525,13.922284187036222,-89.65517241379317,-1.0
97,1695009600000,2023-09-19,1.62,1356475.0,1.64,1.66,1.62,1.6306,4968,-0.04619789203425784,-0.035484714152798955,37.239205580917144,10.28027412390798,9.571292195119275,11.698237981485388,-96.55172413793103,-1.0
98,1695096000000,2023-09-20,1.66,1879902.0,1.63,1.67,1.62,1.655,6015,-0.045175805950594894,-0.03742293251235815,42.215092716370755,16.84782608695647,12.598058934636065,25.347360391597277,-82.75862068965523,-1.0
99,1695182400000,2023-09-21,1.64,1957659.0,1.63,1.7,1.63,1.6531,6234,-0.04545564385142198,-0.039029474780170915,40.48667431769477,19.166666666666604,15.431588959177013,26.63682208164579,-89.28571428571435,-1.0
100,1695268800000,2023-09-22,1.62,2171908.0,1.63,1.65,1.585,1.6202,6760,-0.046752318630116196,-0.04057404355015997,38.77689957039965,23.749999999999957,19.921497584541004,31.407004830917863,-88.1275440976933,-1.0
101,1695355200000,2023-09-23,1.62,3906870.0,1.64,1.65,1.6,1.6232,6752,-0.04723544196236862,-0.041906323232601704,38.77689957039965,20.000000000000014,20.972222222222186,18.05555555555567,-86.27450980392152,-1.0
102,1695614400000,2023-09-26,1.6,1374959.0,1.61,1.61,1.56,1.5912,7616,-0.04867110335416314,-0.043259279256913995,36.96638055229958,22.22222222222229,21.990740740740748,22.685185185185375,-80.95238095238093,-1.0
103,1695700800000,2023-09-27,1.57,1510954.0,1.61,1.635,1.565,1.5887,6664,-0.05163441523258716,-0.04493430645204863,34.37379312523676,17.936507936507983,20.05291005291009,13.703703703703773,-95.23809523809523,-1.0
104,1695787200000,2023-09-28,1.56,1495915.0,1.59,1.61,1.52,1.5576,5447,-0.054165392741522655,-0.046780523709943435,33.529644612924486,18.67724867724871,19.61199294532632,16.807760141093482,-83.33333333333331,-1.0
105,1695873600000,2023-09-29,1.5,3055160.0,1.56,1.58,1.48,1.5167,6288,-0.060317407681668156,-0.04948790050428838,28.937748334748434,12.818662818662839,16.47747314413984,5.501042167708839,-92.85714285714285,-1.0
106,1695960000000,2023-09-30,1.6,3186595.0,1.57,1.6,1.515,1.5862,11343,-0.056472776564327365,-0.050884875716296185,42.95891962564657,28.619528619528655,20.038480038480063,45.78162578162584,-57.1428571428571,-1.0
107,1696219200000,2023-10-03,1.53,1975754.0,1.59,1.6,1.5,1.5319,7449,-0.0584010823662473,-0.05238811704628641,37.39655281447535,28.78787878787882,23.40869007535677,39.54625621292292,-78.26086956521738,-1.0
108,1696305600000,2023-10-04,1.49,1984132.0,1.53,1.54,1.455,1.4774,7889,-0.062437207055885624,-0.05439793504820625,34.636679424731724,31.740481740481766,29.71596304929641,35.789519122852475,-85.71428571428574,-1.0
109,1696392000000,2023-10-05,1.5,1815671.0,1.47,1.53,1.43,1.4915,6933,-0.06409015708844112,-0.05633637945625323,35.91010003245138,24.16472416472418,28.23102823102825,16.032116032116043,-74.07407407407405,-1.0
110,1696478400000,2023-10-06,1.51,1721353.0,1.49,1.535,1.46,1.5006,5741,-0.06385711045197118,-0.057840525655396824,37.2271263713979,29.59709667026742,28.500767525157784,31.78975496048669,-70.37037037037035,-1.0
111,1696564800000,2023-10-07,1.52,1490655.0,1.49,1.53,1.47,1.5102,5495,-0.062149086899728534,-0.05870223790426317,38.586238377645,38.248337028824864,30.670052621272152,53.40490584393029,-66.66666666666664,-1.0
112,1696824000000,2023-10-10,1.5,1635266.0,1.49,1.52,1.46,1.4946,5706,-0.06169808170182067,-0.059301406663774675,36.86700143901331,40.60523938572721,36.1502243616065,49.51526943396864,-74.07407407407405,0.0
113,1696910400000,2023-10-11,1.5,1475802.0,1.5,1.555,1.49,1.5157,4884,-0.06064161800885226,-0.05956944893279019,36.86700143901331,41.32259950050482,40.05872530501896,43.850347891476545,-68.18181818181816,-1.0
114,1696996800000,2023-10-12,1.43,1495858.0,1.49,1.51,1.43,1.4528,4662,-0.06470687730343427,-0.060596934606919006,31.220487749426525,26.688453159041398,36.20543068175781,7.654498113608568,-100.0,-1.0
115,1697083200000,2023-10-13,1.38,2856215.0,1.42,1.42,1.38,1.3936,7345,-0.07114311319174282,-0.06270617032388377,27.929933068190223,13.725490196078434,27.245514285208213,-13.314557982181121,-100.0,-1.0
116,1697169600000,2023-10-14,1.35,2443612.0,1.38,1.39,1.28,1.3292,9168,-0.07776816281145216,-0.06571856882139746,26.149104235624122,8.4848484848485,16.29959727998944,-7.1446491054333805,-80.28169014084506,-1.0
117,1697428800000,2023-10-17,1.32,2807747.0,1.36,1.36,1.27,1.3148,12967,-0.08446564427633563,-0.0694679839123851,24.468938599091658,14.332801701222778,12.1810467940499,18.636311515568533,-85.29411764705881,-1.0
118,1697515200000,2023-10-18,1.33,1454098.0,1.31,1.36,1.3,1.3345,6188,-0.08795266657188439,-0.07316492044428496,26.171806473920142,21.350345560871904,14.722665248981059,34.6057061846536,-81.8181818181818,-1.0
119,1697601600000,2023-10-19,1.3,2400583.0,1.3,1.325,1.27,1.2912,7540,-0.0920755168994869,-0.07694703973532535,24.394916111252343,16.374269005847978,17.35247208931422,14.417862838915497,-90.9090909090909,-1.0
120,1697688000000,2023-10-20,1.28,1348608.0,1.28,1.3,1.27,1.281,4421,-0.09585181824562006,-0.08072799543738429,23.261080133806715,11.695906432748556,16.473506999822813,2.1407052986000394,-96.96969696969697,-1.0
121,1697774400000,2023-10-21,1.29,1970097.0,1.29,1.31,1.23,1.2773,5149,-0.09692040969064619,-0.08396647828803668,25.134719691816343,10.832208726945586,12.967461388514039,6.561703403808679,-81.53846153846152,-1.0
122,1698033600000,2023-10-24,1.26,2883310.0,1.25,1.31,1.24,1.2815,8145,-0.099046281510075,-0.08698243893244434,23.29701163365091,10.894865368549594,11.140993509414576,10.402609086819627,-90.76923076923076,-1.0
123,1698120000000,2023-10-25,1.32,2068809.0,1.27,1.35,1.27,1.3213,7587,-0.09479679326022494,-0.08854530979800046,33.732602987693326,25.514748409485282,15.747274168326818,45.04969689180221,-72.30769230769228,-1.0
124,1698206400000,2023-10-26,1.27,1173971.0,1.29,1.32,1.27,1.2904,5374,-0.09437572077660739,-0.08971139199372184,30.062085310119087,27.694235588972465,21.36794978900244,40.346807188912514,-87.69230769230768,-1.0
125,1698292800000,2023-10-27,1.26,1616630.0,1.26,1.28,1.23,1.2598,5488,-0.09376803469084916,-0.0905227205331473,29.37367025520652,31.815114709851585,28.34136623610311,38.762611657348536,-90.76923076923076,-1.0
126,1698379200000,2023-10-28,1.23,1418339.0,1.26,1.29,1.22,1.241,4401,-0.09461650815994616,-0.09134147805850708,27.350196198384893,18.40659340659342,25.971981235139154,3.275817749501954,-97.01492537313433,-1.0
127,1698638400000,2023-10-31,1.23,1377971.0,1.24,1.255,1.2,1.2281,5948,-0.09420301577066392,-0.09191378560093845,27.350196198384893,16.739926739926744,22.320544952123914,5.5786903155324055,-90.32258064516128,-1.0
128,1698724800000,2023-11-01,1.25,2363227.0,1.22,1.26,1.22,1.2523,4930,-0.09121007426030703,-0.09177304333281217,31.023996621711788,20.15873015873016,18.435083435083442,23.606023606023598,-77.27272727272725,-1.0
129,1698811200000,2023-11-02,1.25,1959070.0,1.24,1.26,1.22,1.2434,6713,-0.08782574601988147,-0.09098358387022604,31.023996621711788,28.88888888888889,21.929181929181926,42.80830280830282,-73.68421052631577,-1.0
130,1698897600000,2023-11-03,1.28,2954968.0,1.27,1.3,1.25,1.2768,8500,-0.0817801812045067,-0.08914290333708218,36.601274314148036,40.0,29.68253968253968,60.63492063492064,-50.0,-1.0
131,1698984000000,2023-11-04,1.35,1972357.0,1.3,1.37,1.3,1.3476,6200,-0.0705276141132074,-0.08541984549230722,47.30746149314859,58.300653594771255,42.39651416122005,90.10893246187366,-11.76470588235294,1.0
132,1699246800000,2023-11-07,1.34,1572759.0,1.35,1.36,1.31,1.3391,7293,-0.0617054875987908,-0.08067697391360394,46.10953091508015,74.640522875817,57.64705882352941,108.62745098039217,-17.647058823529413,1.0
133,1699333200000,2023-11-08,1.34,3101425.0,1.3,1.395,1.3,1.3446,9173,-0.05409036867611361,-0.07535965286610588,46.10953091508016,80.79436902966317,71.24518183341713,99.89274342215523,-28.205128205128165,1.0
134,1699419600000,2023-11-09,1.34,1606524.0,1.35,1.3775,1.3,1.3305,5309,-0.04750769295406032,-0.06978926088369677,46.10953091508016,75.31422825540476,76.91637338696164,72.10993799229098,-28.205128205128165,1.0
135,1699506000000,2023-11-10,1.28,1980702.0,1.33,1.335,1.2505,1.2824,5778,-0.04659525251137975,-0.06515045920923337,38.75528366590868,61.538461538461576,72.54901960784316,39.5173453996984,-58.97435897435896,1.0
136,1699592400000,2023-11-11,1.26,2484686.0,1.3,1.3,1.22,1.2542,5852,-0.04694481908749748,-0.061509331184886204,36.656526184461555,45.22588522588526,60.69285833991719,14.29193899782139,-69.23076923076921,1.0
137,1699851600000,2023-11-14,1.28,1740580.0,1.27,1.325,1.25,1.2842,5450,-0.045088270745851755,-0.058225119097079316,40.14713335390354,32.72283272283274,46.49572649572652,5.177045177045173,-58.97435897435896,0.0
138,1699938000000,2023-11-15,1.39,2177566.0,1.31,1.4,1.31,1.3624,7695,-0.034344954857145504,-0.05344908624909256,54.875609643148124,50.52910052910054,42.825939492606174,65.93542260208928,-5.000000000000006,1.0
139,1700024400000,2023-11-16,1.42,2191219.0,1.39,1.48,1.39,1.4387,7047,-0.02314326913400344,-0.047387922826074735,57.917134833893186,68.55107855107856,50.60100393433728,104.45122778456114,-21.42857142857145,1.0
140,1700110800000,2023-11-17,1.43,1650504.0,1.44,1.44,1.37,1.4138,5638,-0.013305557879302654,-0.04057144983672033,58.911316445064834,84.04558404558402,67.7085877085877,116.71957671957668,-17.857142857142872,1.0
141,1700197200000,2023-11-18,1.43,1290139.0,1.44,1.45,1.4,1.431,4179,-0.005446319057194504,-0.03354642368081517,58.91131644506483,79.48717948717946,77.36128069461402,83.73897707231035,-19.230769230769248,1.0
142,1700456400000,2023-11-21,1.48,2994938.0,1.44,1.5,1.42,1.4635,9088,0.004761874539126243,-0.025884764036826886,63.86198739386034,84.79853479853479,82.77709944376609,88.8414055080722,-7.142857142857148,1.0
143,1700542800000,2023-11-22,1.505,1413154.0,1.49,1.51,1.43,1.4884,4725,0.014699782632663583,-0.017767854702928795,66.06370182566775,90.63407856511303,84.97326428360908,101.9557071281209,-1.7241379310345222,1.0
144,1700629200000,2023-11-23,1.53,1858835.0,1.53,1.57,1.51,1.537,6327,0.02431267606625953,-0.00935174854909113,68.15322353210166,93.23481116584564,89.55580817649782,100.59281714454127,-11.428571428571436,1.0
145,1700802000000,2023-11-25,1.51,576061.0,1.55,1.57,1.51,1.5397,2511,0.0299716361516551,-0.0014870716089418843,64.7200486576115,89.36576354679802,91.07821775925224,85.9408551218896,-17.142857142857153,1.0
146,1701061200000,2023-11-28,1.57,1810124.0,1.52,1.58,1.5,1.5575,6658,0.03885006201740193,0.006580355116326879,69.6581257488252,88.70590828924162,90.43549433396176,85.24673619980135,-2.7777777777777795,1.0
147,1701147600000,2023-11-29,1.56,1298642.0,1.57,1.57,1.52,1.5484,4891,0.04456563713139272,0.01417741151934005,67.95102430783385,89.34082892416227,89.13750025340062,89.74748626568555,-5.555555555555559,1.0
148,1701234000000,2023-11-30,1.53,1609741.0,1.56,1.615,1.52,1.5514,5834,0.04614261892005933,0.02057045299948391,62.96565636283625,84.02620307382212,87.35764676240866,77.36331569664904,-21.518987341772142,1.0
149,1701320400000,2023-12-01,1.46,4083064.0,1.52,1.55,1.455,1.4736,5351,0.041268258567361604,0.024710014113059446,53.16436482527066,61.22976322311871,78.1989317403677,27.291426188620733,-39.24050632911393,-1.0
150,1701406800000,2023-12-02,1.53,1602390.0,1.45,1.54,1.4304,1.5095,5667,0.04256306731020665,0.028280624752488888,59.88845655383254,49.87445186780737,65.04347272158272,19.53641016025668,-23.287671232876704,1.0
151,1701666000000,2023-12-05,1.62,2443382.0,1.53,1.635,1.525,1.5839,8641,0.050271956583829436,0.032678891118757,66.53987060879837,59.00005332790362,56.70142280627656,63.597314371157736,-4.615384615384586,1.0
152,1701752400000,2023-12-06,1.59,2143948.0,1.62,1.655,1.59,1.621,6768,0.05334562246391772,0.036812237387789146,62.801534915741556,73.38428162006126,60.75292893859074,98.64698698300231,-22.807017543859637,1.0
153,1701838800000,2023-12-07,1.6,1913689.0,1.6,1.64,1.59,1.6112,6290,0.055943558723657194,0.04063850165496276,63.53691719058769,79.75153660708473,70.71195718501653,97.83069545122112,-19.29824561403507,1.0
154,1701925200000,2023-12-08,1.6,1405191.0,1.61,1.6284,1.58,1.6002,4290,0.057341445437428584,0.04397909041145593,63.536917190587694,74.02790145443755,75.72123989386118,70.64122457559031,-21.568627450980358,1.0
155,1702011600000,2023-12-09,1.63,1105866.0,1.6,1.63,1.56,1.6057,4368,0.06017635445320435,0.04721854321980562,65.88353713298042,79.96438112199466,77.91460639450564,84.0639305769727,-10.638297872340479,1.0
156,1702270800000,2023-12-12,1.53,2041598.0,1.6,1.61,1.52,1.5436,6393,0.05373445861709514,0.048521726299263525,53.51939480256623,69.57554170376967,74.52260809340062,59.68140892450779,-55.555555555555536,1.0
157,1702357200000,2023-12-13,1.46,1599706.0,1.53,1.53,1.45,1.4758,4212,0.04249098514302552,0.04731557806801592,46.886305761087094,48.79786286731968,66.11259523102801,14.168398139903019,-86.82101513802313,-1.0
158,1702443600000,2023-12-14,1.54,1983060.0,1.46,1.56,1.43,1.5116,5845,0.039579534584788245,0.04576836937137039,53.91592972668186,35.47112562250589,51.281510064531744,3.850356738454167,-51.111111111111086,-1.0
159,1702530000000,2023-12-15,1.62,2904797.0,1.54,1.66,1.54,1.6191,8897,0.043229201132211514,0.045260535723538615,59.6649387351662,48.225523134346595,44.164837208057385,56.34689498692502,-17.391304347826004,1.0
160,1702616400000,2023-12-16,1.545,4438576.0,1.63,1.65,1.53,1.5672,7908,0.039613080038230164,0.04413104458647693,52.990754075395046,60.499194847020966,48.06528120129115,85.3670221384806,-50.0,-1.0
161,1702875600000,2023-12-19,1.54,1777420.0,1.55,1.55,1.5,1.524,7018,0.03592964522057285,0.04249076471329612,52.56857312539866,60.144927536231926,56.289881839199815,67.85501893029614,-52.173913043478215,-1.0
162,1702962000000,2023-12-20,1.62,2073955.0,1.55,1.62,1.5439,1.5968,5541,0.03901607497630488,0.04179582676589787,58.29392889329528,60.14492753623193,60.263016639828265,59.90874932903927,-17.391304347826004,-1.0
163,1703048400000,2023-12-21,1.56,1781763.0,1.6,1.66,1.55,1.5993,5318,0.036203265525937445,0.04067731451790579,53.115440327097026,62.318840579710205,60.86956521739135,65.21739130434791,-43.47826086956516,1.0
164,1703134800000,2023-12-22,1.6,1824630.0,1.57,1.6,1.545,1.5809,5603,0.03677780780241946,0.03989741317480852,55.926381928309304,71.01449275362326,64.49275362318846,84.05797101449286,-26.086956521739058,1.0
165,1703221200000,2023-12-23,1.6,1834968.0,1.6,1.635,1.57,1.5959,5369,0.036808827445789616,0.03927969602900474,55.926381928309304,68.11594202898557,67.14975845410635,70.04830917874403,-26.086956521739058,1.0
166,1703566800000,2023-12-27,1.62,1568661.0,1.61,1.63,1.58,1.6065,4204,0.038009098363577465,0.039025576495919284,57.407186284560616,76.81159420289863,71.98067632850248,86.47342995169095,-17.391304347826004,0.0
167,1703653200000,2023-12-28,1.58,3495018.0,1.63,1.66,1.56,1.6121,6776,0.035325446252288284,0.03828555044719308,53.5332101129186,68.84057971014501,71.25603864734308,64.00966183574889,-34.782608695652115,1.0
168,1703739600000,2023-12-29,1.58,1930769.0,1.57,1.6,1.54,1.57,5204,0.03282030062375907,0.03719250048250628,53.5332101129186,60.86956521739139,68.84057971014501,44.92753623188415,-34.782608695652115,1.0
169,1703826000000,2023-12-30,1.51,2760757.0,1.57,1.59,1.49,1.5236,5652,0.02489951358575171,0.03473390310315537,47.084458108572264,37.25490196078437,55.655015629440264,0.4546746234725987,-65.2173913043478,-1.0
170,1704171600000,2024-01-03,1.57,2092865.0,1.51,1.57,1.495,1.5479,5441,0.02319633840115043,0.03242639016275438,52.37966276147932,36.274509803921624,44.79965899403246,19.22421142369994,-39.13043478260864,1.0
171,1704258000000,2024-01-04,1.5,3383166.0,1.55,1.56,1.49,1.5106,6535,0.016013550568187762,0.029143822243841055,46.52960277091154,21.56862745098043,31.699346405228805,1.3071895424836768,-69.56521739130433,-1.0
172,1704344400000,2024-01-05,0.9067,89852588.0,1.22,1.22,0.8736,0.9933,98434,-0.0371252552903234,0.015890006737008164,23.04092624302453,19.050076795723403,25.631071350208487,5.888087686753238,-95.79094608341812,-1.0
173,1704430800000,2024-01-06,0.8886,160753111.0,0.9157,0.9488,0.8516,0.8968,103410,-0.07977901765479434,-0.003243798141352335,22.66502452944097,4.88944965520859,15.169384633970807,-15.670420302315843,-95.42305789213262,-1.0
174,1704690000000,2024-01-09,1.0,78236128.0,0.93,1.03,0.9127,0.9714,72838,-0.1034014352605217,-0.02327532556518621,30.211584211139893,9.047748303713016,10.995758251548336,5.151728408042377,-81.64275111331024,-1.0
175,1704776400000,2024-01-10,1.04,20161050.0,1.0,1.11,0.9876,1.0576,32359,-0.1175397802762852,-0.04212821650740601,32.749223254099846,15.413161801088577,9.783453253336729,26.672578896592274,-76.69470559129144,-1.0
176,1704862800000,2024-01-11,1.01,24915676.0,1.06,1.09,0.9714,1.0143,31049,-0.12967050893221077,-0.05963667499236697,31.81484595377937,20.94256520678609,15.134491770529229,32.55871207929981,-80.40573973280554,-1.0
177,1704949200000,2024-01-12,0.9536,30038785.0,1.02,1.03,0.9269,0.957,36761,-0.14219605977167138,-0.07614855194822785,30.077427248187263,19.428032623754433,18.594586543876364,21.09492478351057,-87.38248391885205,-1.0
178,1705035600000,2024-01-13,0.978,13523588.0,0.96,1.015,0.953,0.9721,16738,-0.14844261886501897,-0.09060736533158609,31.81233307265589,17.524486083657813,19.29836130473278,13.97673564150788,-84.36417615042059,-1.0
179,1705381200000,2024-01-17,0.9408,8197788.0,0.975,0.9868,0.9335,0.9515,15275,-0.1546125142359891,-0.10340839511246669,30.5671002934956,14.666687332010154,17.2064020131408,9.587257969748862,-88.96585848589808,1.0
180,1705467600000,2024-01-18,0.9858,9796971.0,0.945,1.01,0.9421,0.9864,16414,-0.1540947682817806,-0.11354566974632947,33.935897145022395,22.204735577495203,18.13196966438772,30.35026740371017,-83.39930727362692,1.0
181,1705554000000,2024-01-19,0.9812,8373081.0,1.02,1.05,0.9523,0.9812,14828,-0.1523000126962124,-0.12129653833630606,33.75560144407581,33.058116901892255,23.3098466037992,52.55465749807837,-82.68305718866917,-1.0
182,1705640400000,2024-01-20,0.997,5866059.0,0.9989,1.01,0.9548,0.9819,9696,-0.14789785361696395,-0.12661680139243764,35.032355067409924,43.103135532379945,32.78866267058913,63.73208125596156,-80.30877573131094,-1.0
183,1705899600000,2024-01-23,1.01,6691705.0,0.995,1.02,0.9714,0.9931,10547,-0.14172638592106335,-0.1296387182981628,36.12322227403949,46.08888207427227,40.750044836181495,56.766556550453814,-77.9510022271715,0.0
184,1705986000000,2024-01-24,1.0,6558205.0,1.01,1.02,0.983,0.9978,9444,-0.1360737957214706,-0.13092573378282435,35.62765419799669,44.3103256098975,44.50078107218324,43.92941468532602,-79.05138339920948,1.0
185,1706072400000,2024-01-25,0.999,5726027.0,1.03,1.06,0.9901,1.0115,9905,-0.13017420173920913,-0.1307754273741013,35.57509513769054,48.124654004405436,46.1746205628584,52.0247208874995,-59.989142236699244,1.0
186,1706158800000,2024-01-26,0.9872,14138541.0,1.01,1.01,0.965,0.9904,12778,-0.12500985657659158,-0.12962231321459936,34.92044861024496,47.14650646628828,46.52716202686374,48.38519534513735,-47.52321981424152,1.0
187,1706245200000,2024-01-27,0.9846,11059611.0,1.0,1.0,0.98,0.99,8227,-0.1197465108614173,-0.12764715274396296,34.76863021259733,45.671882315791756,46.98101426216183,43.05361842305162,-63.55803345159654,-1.0
188,1706504400000,2024-01-30,1.02,10715095.0,0.9895,1.05,0.9659,1.0156,12843,-0.11143424272717639,-0.12440457074060565,38.677735523233025,49.63959765818378,47.485995480087944,53.94680201437545,-49.15346805024577,1.0
189,1706590800000,2024-01-31,1.01,3427839.0,1.045,1.05,0.9854,1.0133,10676,-0.10444959683593713,-0.12041357595967195,37.98523968995475,53.347648250090494,49.55304274135534,60.936859267560806,-49.049662783568365,1.0
190,1706677200000,2024-02-01,1.02,4736794.0,1.01,1.06,1.01,1.0326,8986,-0.0969892663304257,-0.1157287140338227,39.15835779222314,60.54162471502084,54.50962354109837,72.60562706286576,-30.052592036063114,1.0
191,1706763600000,2024-02-02,1.01,7121207.0,1.04,1.05,0.9899,1.0025,13679,-0.09083670805596022,-0.11075031283825021,38.37655478942529,54.30678400850476,56.0653523245387,50.78964737643689,-39.52569169960476,1.0
192,1706850000000,2024-02-03,0.995,15007475.0,1.0,1.01,0.966,0.9885,18661,-0.0861777326778923,-0.10583579680617863,37.177526851954525,46.974851577613244,53.94108676704628,33.04238119874718,-51.38339920948619,-1.0
193,1707109200000,2024-02-06,0.9725,8355312.0,1.0,1.01,0.9725,0.9875,11154,-0.08334032766455834,-0.10133670297785458,35.39130327843142,28.94736842105266,43.40966800239022,0.022769258377536516,-74.21543681085667,-1.0
194,1707195600000,2024-02-07,0.9776,8688016.0,0.98,1.01,0.97,0.9784,13204,-0.07976070461804796,-0.09702150330589326,36.14025673629682,17.578947368421098,31.167055789028996,-9.5972694727947,-76.5088207985144,-1.0
195,1707282000000,2024-02-08,1.0,16243592.0,0.99,1.02,0.921,0.9701,20741,-0.07426030816145968,-0.09246926427700655,39.459741258366606,25.99747570364764,24.174597164373797,29.643232782195334,-43.16546762589932,-1.0
196,1707368400000,2024-02-09,1.02,4085527.0,0.991,1.04,0.9904,1.0132,7419,-0.06750916782468597,-0.08747724498654244,42.34160023847642,47.106903950523794,30.227775674197513,80.86516050317636,-28.776978417266207,1.0
197,1707454800000,2024-02-10,1.05,3556048.0,1.02,1.07,1.0104,1.0435,7965,-0.05905731522094948,-0.08179325903342385,46.458716869581934,71.54491172162939,48.21643045860028,118.20187424768763,-13.42281879194632,1.0
198,1707714000000,2024-02-13,1.04,2938926.0,1.04,1.05,1.03,1.0405,6970,-0.05256019634086018,-0.07594664649491113,45.29761753986106,79.22199153428933,65.95793573548083,105.75010313190634,-20.13422818791948,1.0
199,1707800400000,2024-02-14,1.0,2499389.0,1.03,1.04,1.0,1.0137,7157,-0.05006176763035297,-0.07076967072199951,40.8949442528846,73.15436241610736,74.64042189067536,70.18224346697139,-46.979865771812115,1.0
200,1707886800000,2024-02-15,1.03,1937888.0,1.015,1.03,1.0,1.0181,5430,-0.045140642371347406,-0.06564386505186909,45.197140934750315,68.6800894854586,73.6854811452851,58.66930616580558,-26.84563758389264,1.0
201,1707973200000,2024-02-16,1.02,3028236.0,1.05,1.07,1.0,1.0249,6268,-0.041568357426299496,-0.060828763526755175,44.0462401125983,64.20581655480983,68.6800894854586,55.25727069351231,-33.557046979865795,1.0
202,1708059600000,2024-02-17,1.01,1971095.0,1.02,1.04,1.01,1.0193,5990,-0.03909356600295655,-0.05648172402199546,42.870608466707424,66.44295302013421,66.44295302013421,66.44295302013421,-40.26845637583896,1.0
203,1708405200000,2024-02-21,1.03,2723208.0,1.02,1.05,1.0189,1.0304,11871,-0.035113674534491546,-0.05220811412449468,45.97632104453762,66.44295302013421,65.69724086502607,67.93437733035049,-26.84563758389264,1.0
204,1708491600000,2024-02-22,1.01,26673580.0,1.03,1.035,0.936,0.975,31623,-0.03319081170837812,-0.048404653641271375,43.43352557512574,62.70326221242777,65.1963894175654,57.717007802152494,-40.26845637583896,-1.0
205,1708578000000,2024-02-23,0.9701,8706406.0,1.02,1.04,0.9619,0.9776,16111,-0.03448895836360677,-0.04562151458573846,38.82068932144911,51.27533473571736,60.14051665609312,33.54497089496583,-67.04697986577187,-1.0
206,1708664400000,2024-02-24,0.946,6491783.0,0.9967,1.0,0.941,0.9592,13394,-0.03703549539133766,-0.0439043107468583,36.31213467696755,29.378109452736265,47.785568800293795,-7.4368092423788,-83.22147651006718,-1.0
207,1708923600000,2024-02-27,0.9965,7285133.0,0.964,1.01,0.96,0.9907,11622,-0.03458009852826249,-0.042039468303139135,44.41725282612607,26.019900497512396,35.55778156198867,6.944138368559848,-49.328859060402685,-1.0
208,1709010000000,2024-02-28,1.05,10370081.0,1.01,1.07,0.99,1.0417,11668,-0.02799447308251124,-0.039230469259013565,51.46435474353387,45.89552238805968,33.764510779436115,70.15754560530682,-13.42281879194632,1.0
209,1709096400000,2024-02-29,0.9855,12950513.0,1.0,1.01,0.9511,0.9791,17190,-0.02766106883774877,-0.03691658917476061,44.190133957450726,55.72139303482587,42.54560530679931,82.072968490879,-63.05970149253732,-1.0
210,1709182800000,2024-03-01,1.0,5050129.0,1.0,1.02,0.984,1.0032,10376,-0.025927933673473236,-0.03471885807450313,46.03672702219535,56.592039800995,52.73631840796018,64.30348258706466,-52.23880597014929,-1.0
211,1709269200000,2024-03-02,0.9929,8760494.0,0.9995,1.01,0.9862,0.9936,16803,-0.024840970981536925,-0.032743280655909895,45.24727153847638,42.38805970149251,51.56716417910446,24.029850746268608,-57.53731343283586,-1.0
212,1709528400000,2024-03-05,1.0,3206770.0,0.98,1.01,0.98,0.9956,11847,-0.023139892280087615,-0.03082260298074544,46.24008231884591,45.995024875621844,48.32504145936979,41.33499170812594,-52.23880597014929,1.0
213,1709614800000,2024-03-06,0.9349,15563245.0,0.9904,1.01,0.9203,0.9584,23706,-0.02673659822875185,-0.030005402030346722,39.218170493526124,33.32557320279029,40.569552593301545,18.837614421767782,-90.247160988644,-1.0
214,1709701200000,2024-03-07,0.939,12624887.0,0.9662,0.968,0.9301,0.9461,17833,-0.028922774134642504,-0.02978887645120588,39.83782251552802,23.335227669268846,34.21860858256033,1.5684658426858817,-87.50835003340018,-1.0
215,1709787600000,2024-03-08,0.9513,6690422.0,0.9558,0.984,0.941,0.9641,9583,-0.029324789170486865,-0.02969605899506208,41.75618150302346,14.317523936762393,23.659441602940507,-4.366311395593833,-79.29191716766866,-1.0
216,1709874000000,2024-03-09,0.9575,8912875.0,0.9649,0.9999,0.9302,0.9632,12737,-0.028810985689504687,-0.0295190443339506,42.747183326400204,19.34981073257626,19.000854112869167,20.047723971990443,-75.1503006012024,-1.0
217,1710129600000,2024-03-12,0.9419,7665735.0,0.9578,0.9654,0.94,0.9474,16106,-0.029324547227886133,-0.029480144912737708,40.86321026617801,22.407592405361253,18.6916423582333,29.839492499617158,-85.57114228456918,-1.0
218,1710216000000,2024-03-13,0.9279,6028716.0,0.9323,0.94,0.9212,0.9315,14493,-0.03050953649894994,-0.029686023229980155,39.19376461421548,18.045854329856606,19.934419155931373,14.26872467770707,-94.92317969271882,-1.0
219,1710302400000,2024-03-14,0.9193,9752721.0,0.9385,0.94,0.9105,0.9265,12360,-0.03177629975691776,-0.03010407853536768,38.162357558034714,12.710694898766628,17.721380544661496,2.6893236069768918,-94.48275862068965,-1.0
220,1710388800000,2024-03-15,0.8854,10628142.0,0.9298,0.9298,0.8807,0.893,14723,-0.035110928523052976,-0.031105448532904742,34.327563643565256,6.7006823915362475,12.485743873386495,-4.8694405721642475,-97.51716851558378,-1.0
221,1710475200000,2024-03-16,0.8948,9806740.0,0.9026,0.9192,0.8902,0.9003,11208,-0.03657354731677098,-0.032199068289677994,36.240773936801695,7.794683652860846,9.068686981054574,5.24667699647339,-92.55150554675119,-1.0
222,1710734400000,2024-03-19,0.8655,10704691.0,0.9023,0.907,0.8613,0.8697,14666,-0.039640003097413,-0.033687255251225,33.01241830503139,5.856710961119322,6.784025668505472,4.002081546347023,-97.35349716446119,-1.0
223,1710820800000,2024-03-20,0.8703,9352971.0,0.8687,0.883,0.8601,0.872,10439,-0.04120785303270347,-0.035191374807520694,34.04890614157574,7.0771042530500265,6.909499622343399,7.41231351446328,-93.62101313320827,-1.0
224,1710907200000,2024-03-21,0.89,17250968.0,0.8797,0.9238,0.8668,0.8961,19152,-0.04039511035485166,-0.03623212191698689,38.27046262649079,10.571379026314679,7.835064746828009,16.044007585288014,-80.05336891260838,-1.0
225,1710993600000,2024-03-22,0.93,21709669.0,0.89,1.01,0.89,0.9382,23911,-0.03610711981972725,-0.03620712149753496,45.84976748412483,25.10497381341179,14.25115236425883,46.81261671171771,-53.36891260840556,1.0
226,1711080000000,2024-03-23,0.9646,25547040.0,0.98,0.987,0.9213,0.9654,25493,-0.02957599196662719,-0.034880895591353406,51.40760044481199,45.910642065303136,27.1956649683432,83.34059625922302,-30.28685790527017,1.0
227,1711339200000,2024-03-26,1.01,29847768.0,0.9596,1.01,0.915,0.9615,26634,-0.020500310691786705,-0.03200477861144006,57.56248048679431,72.1147431621081,47.710119680274346,120.92399012577562,-0.0,1.0
228,1711425600000,2024-03-27,1.01,3616364.0,1.0,1.01,0.9902,1.0044,12010,-0.013156112420139032,-0.02823504537317986,57.56248048679431,89.90438069824329,69.30992197521817,131.0932981442935,-0.0,1.0
229,1711512000000,2024-03-28,1.07,11816653.0,1.0,1.11,1.0,1.0725,26794,-0.0024658589318665713,-0.023081208084917204,64.4618689236849,94.66453247965853,85.5612187800033,112.871159878969,-16.006402561024416,1.0
230,1711598400000,2024-03-29,1.2,28900563.0,1.13,1.25,1.12,1.1864,40880,0.016308167122271233,-0.015203333043479518,74.23555167824665,90.3899321547889,91.65294844423023,87.86389957590623,-12.823800974608885,1.0
231,1711944000000,2024-04-02,1.31,14490497.0,1.195,1.3587,1.19,1.2935,31544,0.03960624261058676,-0.004241417912666261,79.39848796602375,87.13414929611797,90.72953797685513,79.94337193464364,-9.767348576012829,1.0
232,1712030400000,2024-04-03,1.35,10991394.0,1.26,1.37,1.23,1.315,26888,0.060599250556012674,0.008726715781069526,80.89754159584277,91.1447625504287,89.5562813337785,94.32172498372907,-3.922337713277116,1.0
233,1712116800000,2024-04-04,1.35,11598625.0,1.33,1.4,1.32,1.3572,17872,0.07635617415364226,0.022252607455584075,80.89754159584277,92.1513890190892,90.14343362187861,96.16729981351034,-9.260974254491542,1.0
234,1712203200000,2024-04-05,1.36,6175235.0,1.35,1.4,1.345,1.3698,13947,0.0886289071813735,0.035527867400741965,81.29222564268059,92.65803098428934,91.98472751793572,94.00463791699659,-7.408779403593224,1.0
235,1712289600000,2024-04-06,1.35,4288416.0,1.36,1.37,1.334,1.3524,12347,0.09643655947168828,0.047709605814931236,79.52278270416906,90.54645913348162,91.78529304562005,88.06879130920476,-9.260974254491542,1.0
236,1712548800000,2024-04-09,1.4,8682281.0,1.37,1.43,1.355,1.3939,14277,0.10544327782482221,0.05925634021690944,81.67101238845275,91.54067218932694,91.58172076903263,91.45857502991558,-5.2640814177926005,1.0
237,1712635200000,2024-04-10,1.38,14155752.0,1.4,1.43,1.36,1.39,14228,0.10970274915192313,0.06934562200391217,78.13977740030566,90.41384409054966,90.8336584711194,89.57421532941015,-8.877840909090919,1.0
238,1712721600000,2024-04-11,1.27,12158449.0,1.34,1.34,1.21,1.2739,14319,0.1030148392326784,0.07607946544966543,62.20834865009007,76.64596913211932,86.20016180399864,57.53758378836068,-29.629629629629616,-1.0
239,1712808000000,2024-04-12,1.285,3358603.0,1.27,1.29,1.21,1.2547,6969,0.09779764668360968,0.08042310169645428,63.306973327030555,58.78084104359423,75.28021808875441,25.782086953273875,-28.155339805825253,-1.0
240,1712894400000,2024-04-13,1.23,4737698.0,1.26,1.2694,1.21,1.2453,8087,0.0882081351801105,0.08198010839318554,56.78817552740484,32.353779732811994,55.926863302841845,-14.792387407247716,-38.83495145631068,-1.0
241,1713153600000,2024-04-16,1.23,3549261.0,1.24,1.27,1.21,1.2355,8376,0.07968976422802276,0.08152203956015298,56.78817552740484,19.255050505050516,36.79655709381891,-15.82796267248628,-45.475216007276025,-1.0
242,1713240000000,2024-04-17,1.21,4052139.0,1.25,1.25,1.2,1.2185,9383,0.07051223981566879,0.07932007961125614,54.424712691599666,7.509881422924913,19.706237220262476,-16.882830171750214,-51.162790697674424,-1.0
243,1713326400000,2024-04-18,1.25,4671914.0,1.22,1.26,1.21,1.2416,8959,0.06570919658871732,0.07659790300674837,58.174024973089274,11.72595520421609,12.830295710730505,9.517274191187258,-58.06451612903227,-1.0
244,1713412800000,2024-04-19,1.23,4038488.0,1.25,1.26,1.2,1.2314,8044,0.05960186418482416,0.07319869524236354,55.70638463739702,13.043478260869582,10.759771629336862,17.61089152393502,-83.33333333333331,-1.0
245,1713499200000,2024-04-20,1.23,2641045.0,1.2,1.2415,1.2,1.2283,7841,0.05413769362126297,0.06938649491814343,55.70638463739702,15.94202898550727,13.57048748353098,20.685111989459845,-86.95652173913042,-1.0
246,1713758400000,2024-04-23,1.23,3611201.0,1.24,1.28,1.22,1.2311,6619,0.04923969453446997,0.06535713484140875,55.70638463739702,15.8385093167702,14.94133885438235,17.6328502415459,-86.95652173913042,-1.0
247,1713844800000,2024-04-24,1.25,2378565.0,1.23,1.26,1.23,1.2481,7223,0.046436536337871814,0.06157301514070136,57.93496379571882,30.009201748332192,20.59658001686989,48.8344452112568,-78.26086956521738,1.0
248,1713931200000,2024-04-25,1.23,6052333.0,1.26,1.2696,1.21,1.2346,6338,0.042115696880846265,0.057681551488730345,54.9571611665495,38.161375661375665,28.003028908826014,58.47806916647496,-86.95652173913042,0.0
249,1714017600000,2024-04-26,1.22,4709987.0,1.2,1.23,1.19,1.2164,6672,0.03745275204265397,0.05363579159951508,53.477106496688016,42.12962962962963,36.76673567977917,52.855417529330566,-87.49999999999999,1.0
250,1714104000000,2024-04-27,1.26,1872792.0,1.22,1.26,1.22,1.2531,4675,0.03656351888404008,0.05022133705642008,58.31322006410327,49.537037037037045,43.27601410934744,62.05908289241626,-70.8333333333333,1.0
251,1714363200000,2024-04-30,1.24,3939329.0,1.26,1.31,1.24,1.2752,11016,0.033854706365080034,0.046948010918152074,55.22222466117223,50.92592592592593,47.53086419753087,57.716049382716065,-66.66666666666666,1.0
252,1714449600000,2024-05-01,1.22,3044904.0,1.23,1.27,1.21,1.2275,7533,0.02975116713951209,0.04350864216242408,52.240137519196765,48.14814814814815,49.537037037037045,45.37037037037037,-75.0,-1.0
253,1714536000000,2024-05-02,1.27,5272608.0,1.25,1.28,1.22,1.2529,7990,0.03018570287857436,0.04084405430565414,58.30249074928317,44.44444444444445,47.83950617283951,37.654320987654316,-33.33333333333333,1.0
254,1714622400000,2024-05-03,1.3,6749075.0,1.29,1.31,1.27,1.2982,10796,0.03257531688634563,0.03919030682179244,61.46323501063207,61.11111111111111,51.23456790123458,80.86419753086416,-8.333333333333332,1.0
255,1714708800000,2024-05-04,1.3,3465606.0,1.32,1.35,1.29,1.307,5974,0.03407629291082359,0.03816750403959867,61.463235010632076,75.69444444444444,60.416666666666664,106.24999999999999,-31.25,1.0
256,1714968000000,2024-05-07,1.32,2925440.0,1.29,1.34,1.29,1.3115,7421,0.03645937905067598,0.037825879041814135,63.596758408292224,80.55555555555556,72.4537037037037,96.7592592592593,-18.75,1.0
257,1715054400000,2024-05-08,1.3,4733968.0,1.31,1.34,1.3,1.3129,11256,0.036315536236592116,0.037523810480769734,60.018342340672675,72.91666666666667,76.38888888888889,65.97222222222223,-31.25,1.0
258,1715140800000,2024-05-09,1.25,5448980.0,1.17,1.25,1.15,1.2173,12184,0.031800382621722134,0.03637912490896022,52.12238446358058,66.66666666666667,73.37962962962963,53.24074074074073,-50.0,1.0
259,1715227200000,2024-05-10,1.26,1717461.0,1.23,1.26,1.225,1.2467,4571,0.028698192380764542,0.03484293840332108,53.4416525666639,57.91666666666668,65.83333333333334,42.08333333333334,-45.0,1.0
260,1715313600000,2024-05-11,1.28,2089444.0,1.26,1.29,1.24,1.2689,4966,0.027536098119264718,0.03338157034650981,56.05004914680347,56.66666666666668,60.41666666666668,49.16666666666667,-35.0,1.0
261,1715572800000,2024-05-14,1.26,2241009.0,1.28,1.31,1.26,1.2806,5135,0.024716382123852965,0.03164853270197844,52.860758223060984,58.33333333333334,57.63888888888889,59.72222222222224,-45.0,-1.0
262,1715659200000,2024-05-15,1.305,3809683.0,1.25,1.33,1.25,1.3034,8809,0.0258152783425607,0.030481881830094894,58.57256358825554,65.83333333333333,60.27777777777778,76.94444444444444,-22.500000000000057,1.0
263,1715745600000,2024-05-16,1.35,3114669.0,1.3,1.36,1.29,1.332,8353,0.029971789302031704,0.03037986332448226,63.35442544822965,75.91269841269839,66.69312169312168,94.35185185185182,-4.761904761904762,1.0
264,1715832000000,2024-05-17,1.3,2132672.0,1.33,1.35,1.29,1.309,7548,0.02889815214148017,0.030083521087881846,55.665941696933935,81.38888888888887,74.37830687830687,95.41005291005288,-28.57142857142857,0.0
265,1715918400000,2024-05-18,1.32,2768915.0,1.3,1.36,1.265,1.3035,5626,0.02932310135026217,0.02993143714035791,57.86844181388937,82.53968253968254,79.94708994708994,87.72486772486778,-19.047619047619047,1.0
266,1716177600000,2024-05-21,1.32,2366965.0,1.33,1.36,1.31,1.3365,9442,0.02932187236739603,0.029809524185765535,57.86844181388937,77.77777777777779,80.56878306878308,72.19576719576722,-19.047619047619047,1.0
267,1716264000000,2024-05-22,1.3,3137183.0,1.32,1.33,1.27,1.306,7594,0.027391315501989144,0.02932588244901026,54.7158964968746,72.48677248677248,77.60141093474427,62.25749559082891,-28.57142857142857,1.0
268,1716350400000,2024-05-23,1.32,1802884.0,1.3,1.33,1.285,1.319,5914,0.027162060801149135,0.028893118119438038,57.22541301058464,67.72486772486772,72.66313932980599,57.84832451499119,-19.047619047619047,1.0
269,1716436800000,2024-05-24,1.28,2718285.0,1.31,1.33,1.26,1.2863,7481,0.023482022949480763,0.027810899085446587,51.12333017889402,49.83164983164983,63.34776334776334,22.7994227994228,-38.095238095238095,-1.0
270,1716523200000,2024-05-25,1.36,2256274.0,1.31,1.36,1.28,1.3166,7534,0.026712967391057107,0.027591312746568692,60.252198696469186,64.64646464646465,60.73432740099406,72.47073913740581,-0.0,1.0
271,1716868800000,2024-05-29,1.36,3216575.0,1.36,1.4,1.3502,1.3716,12258,0.02893991283797792,0.02786103276485054,60.252198696469186,66.23376623376627,60.23729357062692,78.22671156004498,-15.999999999999925,1.0
272,1716955200000,2024-05-30,1.37,4987016.0,1.34,1.4,1.32,1.3691,17057,0.031152591887981806,0.028519344589476796,61.30006284951835,83.33333333333341,71.40452140452145,107.19095719095733,-17.14285714285705,1.0
273,1717041600000,2024-05-31,1.41,4367023.0,1.37,1.45,1.37,1.413,14245,0.03572204023897663,0.029959883719376763,65.24674405019329,76.31578947368429,75.294296346928,78.3587757271969,-19.04761904761907,1.0
274,1717128000000,2024-06-01,1.37,8559371.0,1.42,1.435,1.37,1.3833,13256,0.035704120397288985,0.03110873105495921,58.79004876340969,71.80451127819556,77.15121136173775,61.1111111111112,-39.999999999999936,1.0
275,1717387200000,2024-06-04,1.42,3491828.0,1.38,1.43,1.38,1.4111,11979,0.039271800060954876,0.032741344856158344,63.634412566813275,73.68421052631581,73.93483709273188,73.18295739348366,-15.000000000000016,1.0
276,1717473600000,2024-06-05,1.4,8680307.0,1.42,1.44,1.4,1.4076,11246,0.04002400720415822,0.034197877325758325,60.56738185136275,71.92982456140352,72.4728487886383,70.84377610693397,-26.31578947368424,1.0
277,1717560000000,2024-06-06,1.41,2869615.0,1.4,1.42,1.39,1.4031,9253,0.04095495004052352,0.035549291868711363,61.56487309748253,78.94736842105262,74.85380116959065,87.13450292397656,-21.05263157894739,1.0
278,1717646400000,2024-06-07,1.34,2215254.0,1.38,1.4,1.34,1.3685,11329,0.03563355254718559,0.03556614400440621,51.705049187064134,62.64189886480909,71.17303061575507,45.579635362917145,-57.89473684210521,-1.0
279,1717732800000,2024-06-08,1.29,2857873.0,1.34,1.34,1.28,1.3081,10821,0.027069682117394356,0.03386685162700384,46.03390563011254,40.041279669762666,60.54351565187479,-0.9631922944615923,-84.21052631578945,-1.0
280,1717992000000,2024-06-11,1.3,1865598.0,1.26,1.3,1.25,1.2767,9070,0.02084933141465317,0.03126334758453371,47.27937461688692,22.0588235294118,41.58066735466119,-16.98486412108697,-74.99999999999997,-1.0
281,1718078400000,2024-06-12,1.32,6238233.0,1.27,1.325,1.25,1.279,15254,0.017333679651370115,0.02847741399790099,49.77591525299305,21.960784313725526,28.02029583763333,9.841761265909916,-64.99999999999996,-1.0
282,1718164800000,2024-06-13,1.31,3557955.0,1.35,1.37,1.3025,1.3307,15430,0.013583996023141198,0.025498730402949036,48.53826753628659,30.526315789473728,24.84864121087035,41.88166494668048,-69.99999999999996,-1.0
283,1718251200000,2024-06-14,1.28,3049499.0,1.3,1.325,1.24,1.2796,11875,0.008098243938082561,0.022018633109975743,44.92906611096454,28.85964912280706,27.11558307533544,32.3477812177503,-80.95238095238093,-1.0
284,1718337600000,2024-06-15,1.25,1801634.0,1.25,1.27,1.22,1.243,11758,0.0013148399519189446,0.017877874478364385,41.59799480945643,21.73843700159493,27.04146730462524,11.132376395534315,-86.95652173913042,-1.0
285,1718596800000,2024-06-18,1.25,2181890.0,1.22,1.26,1.22,1.24,10154,-0.004014776731849468,0.013499344236321615,41.597994809456445,16.21212121212124,22.27006911217441,4.0962254120148955,-86.95652173913042,-1.0
286,1718683200000,2024-06-19,1.26,1564532.0,1.24,1.26,1.2304,1.2538,5524,-0.007346929099681043,0.009330089569121083,43.22526535100582,16.95286195286198,18.30114005552605,14.256305747533837,-82.60869565217389,-1.0
287,1718856000000,2024-06-21,1.24,1960310.0,1.25,1.26,1.23,1.2428,6223,-0.011469305694424392,0.005170210516411989,40.77804495647397,16.851851851851876,16.67227833894503,17.210998877665567,-90.90909090909089,-1.0
288,1718942400000,2024-06-22,1.22,7746043.0,1.22,1.25,1.2,1.2223,8665,-0.016163825183816982,0.0009034033763661948,38.434662519326814,15.773420479302851,16.526044761338902,14.268171915230752,-91.66666666666666,-1.0
289,1719201600000,2024-06-25,1.31,3430218.0,1.22,1.33,1.22,1.3034,9920,-0.012478177203326002,-0.0017729127395722446,51.84537792640408,29.934640522875824,20.85330428467685,48.097312999273775,-54.16666666666663,0.0
290,1719288000000,2024-06-26,1.29,2251656.0,1.32,1.34,1.29,1.3039,8507,-0.011043801410026033,-0.0036270904736630024,49.276588613687586,43.137254901960794,29.615105301379824,70.18155410312272,-59.09090909090905,1.0
291,1719374400000,2024-06-27,1.28,1691687.0,1.27,1.29,1.25,1.2742,9075,-0.010591868222568523,-0.005020046023444106,47.99609035837035,58.263305322128865,43.7784002489885,87.2331154684096,-59.99999999999995,1.0
292,1719460800000,2024-06-28,1.26,1894203.0,1.27,1.28,1.23,1.2553,10248,-0.011712526058918593,-0.006358542030539004,45.45214699423517,50.980392156862756,50.793650793650805,51.35387488328665,-64.70588235294117,1.0
293,1719547200000,2024-06-29,1.25,9280042.0,1.27,1.29,1.21,1.247,11605,-0.013254779052538579,-0.00773778943493892,44.190931154205906,45.23809523809525,51.49393090569563,32.726423902894496,-70.58823529411765,-1.0
294,1719806400000,2024-07-02,1.23,1870753.0,1.23,1.255,1.22,1.2309,8998,-0.015907486907340118,-0.00937172892941916,41.69878724381966,33.33333333333334,43.18394024276378,13.632119514472464,-82.35294117647058,-1.0
295,1719892800000,2024-07-03,1.21,1350111.0,1.23,1.2395,1.21,1.2179,6072,-0.01939997896557677,-0.011377378936650683,39.311294848533926,21.428571428571434,33.33333333333334,-2.3809523809523796,-94.11764705882352,-1.0
296,1719979200000,2024-07-04,1.215,828432.0,1.21,1.235,1.2,1.2179,3282,-0.021516319136952067,-0.013405166976710962,40.232608625786675,13.09523809523813,22.619047619047635,-5.952380952380878,-89.2857142857142,-1.0
297,1720152000000,2024-07-06,1.26,1835287.0,1.21,1.26,1.19,1.2252,4921,-0.01933947660299329,-0.014592028901967428,47.898722391738794,21.507936507936545,18.677248677248702,27.169312169312228,-53.333333333333336,-1.0
298,1720411200000,2024-07-09,1.29,1615473.0,1.27,1.31,1.27,1.293,6434,-0.015020417904273442,-0.014677706702428631,52.29206435013342,41.34920634920638,25.317460317460355,73.41269841269843,-33.33333333333333,1.0
299,1720497600000,2024-07-10,1.29,2128583.0,1.3,1.3,1.27,1.2871,6304,-0.011465367152805994,-0.014035238792504104,52.29206435013342,65.55555555555556,42.80423280423283,111.05820105820102,-33.33333333333333,1.0
300,1720584000000,2024-07-11,1.32,1232726.0,1.3,1.32,1.29,1.3031,4193,-0.006156249132108549,-0.012459440860424994,56.5420301580964,83.33333333333333,63.412698412698425,123.17460317460315,-13.333333333333334,1.0
301,1720670400000,2024-07-12,1.37,5980857.0,1.34,1.42,1.32,1.3701,9501,0.00206207694259275,-0.009555137299821445,62.532762514413854,87.19806763285028,78.69565217391306,104.20289855072474,-21.739130434782535,1.0
302,1720756800000,2024-07-13,1.38,1295218.0,1.37,1.4,1.35,1.3768,3819,0.009275157748212415,-0.005789078290214673,63.61312602835357,86.95652173913045,85.82930756843803,89.21095008051532,-17.391304347826104,1.0
303,1721016000000,2024-07-16,1.43,5773631.0,1.39,1.47,1.39,1.4308,12162,0.018809336068875027,-0.0008693954183967329,68.50343321536873,82.19461697722569,85.44973544973548,75.68438003220612,-14.285714285714295,1.0
304,1721102400000,2024-07-17,1.44,6837521.0,1.45,1.47,1.42,1.4441,10337,0.026862503287982342,0.004676984322879083,69.3895199072847,85.8695652173913,85.00690131124915,87.59489302967557,-10.714285714285724,1.0
305,1721188800000,2024-07-18,1.42,3147597.0,1.43,1.44,1.38,1.436,8804,0.0312703977953972,0.009995667017382706,65.42516521552969,85.71428571428571,84.59282263630091,87.95721187025529,-17.857142857142872,1.0
306,1721275200000,2024-07-19,1.52,10386462.0,1.53,1.56,1.46,1.517,22205,0.04234472656564647,0.01646547892703546,73.55922685347602,85.87848932676518,85.8207800861474,85.99390780800073,-10.810810810810818,1.0
307,1721361600000,2024-07-20,1.49,4097146.0,1.51,1.55,1.46,1.4966,10935,0.04814547159572058,0.022801477460772487,68.36315240871888,81.4039408866995,84.33223864258346,75.54734537493158,-18.91891891891893,1.0
308,1721620800000,2024-07-23,1.46,3966581.0,1.51,1.53,1.44,1.4626,11494,0.04974838611676757,0.028190859191971507,63.53029725047893,75.01064282673478,80.7643576800665,63.50321312007134,-27.027027027027046,1.0
309,1721707200000,2024-07-24,1.435,2986444.0,1.44,1.47,1.42,1.4416,7420,0.0484429956575676,0.032241286485090725,59.740188065798904,62.24723286504895,72.88727219282775,40.967154209491355,-33.783783783783775,1.0
310,1721793600000,2024-07-25,1.42,2259785.0,1.43,1.45,1.4,1.423,6897,0.045671615717652214,0.034927352331603025,57.52277502748684,48.07098765432096,61.7762877820349,20.66038739889308,-37.83783783783786,-1.0
311,1721880000000,2024-07-26,1.42,2673458.0,1.42,1.44,1.39,1.4081,6367,0.04297983239472525,0.03653784834422747,57.52277502748684,34.490740740740726,48.269653753370214,6.932914715481743,-48.27586206896555,-1.0
312,1721966400000,2024-07-27,1.48,2879880.0,1.44,1.48,1.3905,1.4533,9098,0.04516741147340397,0.038263760970062774,63.762526353118844,37.037037037037024,39.866255144032905,31.37860082304526,-27.586206896551747,1.0
313,1722225600000,2024-07-30,1.43,1744635.0,1.47,1.47,1.4,1.4278,5799,0.04237799438150369,0.03908660765235096,56.335775425506505,35.18518518518519,35.57098765432098,34.41358024691361,-48.14814814814819,-1.0
314,1722312000000,2024-07-31,1.43,1302965.0,1.43,1.45,1.43,1.4397,4647,0.03970961353307456,0.039211208828495686,56.335775425506505,35.62091503267975,35.947712418300654,34.96732026143793,-54.16666666666672,-1.0
315,1722398400000,2024-08-01,1.42,1522398.0,1.44,1.48,1.41,1.4307,5456,0.036368749751164886,0.03864271701302953,54.85380524266777,23.352396514161228,31.386165577342055,7.284858387799574,-66.66666666666674,-1.0
316,1722484800000,2024-08-02,1.375,2636038.0,1.42,1.42,1.35,1.3755,9021,0.029747061605780667,0.03686358593157976,48.65155718636797,18.722766884531584,25.89869281045752,4.370915032679719,-88.09523809523813,-1.0
317,1722571200000,2024-08-03,1.35,2292151.0,1.37,1.3991,1.32,1.3608,6259,0.022225829450784218,0.03393603463542066,45.56891420001209,17.12962962962963,19.734931009440814,11.919026870007258,-87.49999999999999,-1.0
318,1722830400000,2024-08-06,1.31,3266894.0,1.25,1.34,1.231,1.2914,11089,0.012888957198855078,0.029726619148107543,41.08353694373546,21.45526550647033,19.10255400687718,26.16068850565663,-75.98784194528876,-1.0
319,1722916800000,2024-08-07,1.34,1246176.0,1.29,1.36,1.29,1.3349,4772,0.007820023586103009,0.02534530003570664,45.42253636115978,31.417336010709523,23.334077048936496,47.58385393425558,-66.8693009118541,-1.0
320,1723003200000,2024-08-08,1.28,2583257.0,1.35,1.36,1.25,1.2918,7525,-0.0010268050117636651,0.02007087902621258,39.20387880713308,31.726907630522096,28.199836382567316,38.78105012643166,-84.6394984326019,-1.0
321,1723089600000,2024-08-09,1.43,5526355.0,1.36,1.5,1.36,1.4428,15165,0.0040194324686742,0.016860589714704905,55.577726171787155,45.81050347611014,36.31824903911392,64.79501235010258,-33.444816053511744,0.0
322,1723176000000,2024-08-10,1.5,6288467.0,1.41,1.5,1.39,1.4801,13770,0.013511277418092105,0.016190727255382346,60.87358486381546,64.55213667557466,47.363182594068974,98.93004483858601,-0.0,1.0
323,1723435200000,2024-08-13,1.5,2428302.0,1.49,1.52,1.48,1.5024,8560,0.02079393340503688,0.017111368485313253,60.87358486381546,89.01909331412425,66.46057782193635,134.13612429850005,-6.920415224913502,1.0
324,1723521600000,2024-08-14,1.52,2617533.0,1.51,1.5426,1.455,1.5094,7570,0.027858191703582946,0.019260733128967193,62.36048217886743,95.27556548557656,82.94893182509183,119.92883280654601,-7.252888318356855,1.0
325,1723608000000,2024-08-15,1.53,1791555.0,1.54,1.545,1.5,1.5273,6489,0.03387311553630634,0.022183209610435024,63.1152484238095,93.68320879767849,92.65928919912642,95.73104799478261,-4.7770700636942385,1.0
326,1723694400000,2024-08-16,1.58,4239977.0,1.55,1.6,1.54,1.5692,8851,0.042188248276630036,0.026184217343674026,66.7097610841474,94.18332913913565,94.38070114079692,93.78858513581312,-5.420054200542011,1.0
327,1723780800000,2024-08-17,1.55,1509600.0,1.58,1.59,1.54,1.5602,5655,0.045829013263759766,0.030113176527691177,62.75793576929857,91.83905381668315,93.23519725116576,89.04676694771794,-13.550135501355026,1.0
328,1724040000000,2024-08-20,1.55,2952011.0,1.54,1.6,1.53,1.5544,7604,0.04815919650708045,0.03372238052356903,62.75793576929857,88.66950574267649,91.56396289949843,82.88059142903259,-13.550135501355026,1.0
329,1724126400000,2024-08-21,1.58,2799362.0,1.55,1.59,1.53,1.5736,9372,0.051829178290228484,0.03734374007690092,65.15210203325282,87.69841269841271,89.40232408592412,84.29058992338989,-5.420054200542011,1.0
330,1724212800000,2024-08-22,1.62,4181789.0,1.58,1.62,1.53,1.5834,10363,0.057304757427564024,0.04133594354703354,68.0970326148261,92.46031746031747,89.60941196713556,98.1621284466813,-0.0,1.0
331,1724299200000,2024-08-23,1.61,2482734.0,1.63,1.635,1.56,1.604,9024,0.0601439746157606,0.045097549760778954,66.58214317610052,92.59259259259261,90.91710758377427,95.94356261022929,-6.188118811881167,1.0
332,1724385600000,2024-08-24,1.61,1688437.0,1.63,1.65,1.58,1.6134,6407,0.0616830311066181,0.04841464602994679,66.58214317610052,88.53276353276358,91.19522452855789,83.20784154117499,-9.999999999999956,1.0
333,1724644800000,2024-08-27,1.62,3004791.0,1.62,1.64,1.59,1.6184,7904,0.0629836248688953,0.05132844179773649,67.4226436364347,81.86609686609695,87.66381766381771,70.27065527065545,-7.499999999999953,1.0
334,1724731200000,2024-08-28,1.65,2519247.0,1.62,1.685,1.57,1.6458,6567,0.06567800887217357,0.05419835521262391,69.87087167217513,78.96884477529643,83.12256839138566,70.661397543118,-10.769230769230814,1.0
335,1724817600000,2024-08-29,1.65,2509810.0,1.67,1.6893,1.6,1.6468,8051,0.06704052615255196,0.05676678940060952,69.87087167217513,77.58297389790009,79.47263851309783,73.80364466750459,-13.130638155696658,1.0
336,1724904000000,2024-08-30,1.59,3961110.0,1.64,1.66,1.585,1.6093,10602,0.06255770605994204,0.05792497273247603,59.499245615993935,63.47123504039848,73.34101790453167,43.73166931213211,-42.38156209987194,1.0
337,1724990400000,2024-08-31,1.68,4861168.0,1.62,1.735,1.605,1.682,10394,0.0655121039240234,0.05944239897078551,67.33250437257774,62.0550273299343,67.70307875607763,50.75892447764764,-19.6428571428572,1.0
338,1725336000000,2024-09-04,1.62,3341447.0,1.68,1.71,1.59,1.6322,10141,0.062293901636063964,0.0600126995038412,59.12279569239496,51.579318053067546,59.03519347446678,36.667567210269084,-48.93617021276594,1.0
339,1725422400000,2024-09-05,1.62,2446122.0,1.61,1.68,1.61,1.6266,6931,0.05906261606417473,0.05982268281590791,59.12279569239496,50.45296167247387,54.69576901849191,41.967346980437796,-56.09756097560973,1.0
340,1725508800000,2024-09-06,1.6,3060926.0,1.57,1.62,1.52,1.5793,9222,0.05426246222791753,0.058710638698309836,56.461439305884696,38.46581854522868,46.832699423590036,21.73205678850597,-62.79069767441858,-1.0
341,1725595200000,2024-09-07,1.56,3169581.0,1.55,1.605,1.5199,1.5638,9062,0.046692399111443406,0.05630699078093655,51.47114057109146,30.045836158514984,39.654872125405845,10.827764224733258,-81.3575081357508,-1.0
342,1725854400000,2024-09-10,1.56,3310835.0,1.5,1.5999,1.49,1.5503,11086,0.040229330867921576,0.05309145879833356,51.47114057109146,28.14107425375308,32.21757631916558,19.98807012292808,-71.42857142857142,-1.0
343,1725940800000,2024-09-11,1.59,3476754.0,1.5,1.63,1.5,1.5669,10500,0.0371003818923088,0.04989324341712861,54.93562476508822,29.343415655430032,29.176775355899366,29.67669625449136,-59.183673469387735,0.0
344,1726027200000,2024-09-12,1.56,3293778.0,1.55,1.585,1.5149,1.5469,8960,0.031832967374181065,0.04628118820853911,51.01360985933882,32.653061224489825,30.045850377890975,37.86748291768753,-71.42857142857142,-1.0
345,1726113600000,2024-09-13,1.55,3014778.0,1.535,1.57,1.49,1.5286,8983,0.026545586001013532,0.042334067767033995,49.73889017812001,31.29251700680275,31.096331295574203,31.684888429259843,-75.51020408163264,-1.0
346,1726200000000,2024-09-14,1.57,2153678.0,1.52,1.595,1.51,1.5572,6922,0.023695978531995898,0.038606449920026376,52.30579030031809,29.80828695114413,31.251288394145565,26.922284065141262,-67.3469387755102,-1.0
347,1726459200000,2024-09-17,1.64,3385266.0,1.52,1.67,1.51,1.5998,10383,0.02677738603026425,0.036240637142073956,60.004839103199274,46.600266901018806,35.90035695298857,68.00008679707928,-38.7755102040817,1.0
348,1726545600000,2024-09-18,1.66,4322604.0,1.55,1.745,1.55,1.6601,13067,0.030481880383263382,0.035088885790311844,61.8973701238984,60.65922381711855,45.689259223093835,90.59915300516799,-33.33333333333339,1.0
349,1726632000000,2024-09-19,1.62,3577307.0,1.61,1.695,1.59,1.6332,10121,0.029846006951758763,0.03404031002260123,56.172400087012136,65.53147574819401,57.59698882211046,81.40044960036113,-49.01960784313723,1.0
350,1726718400000,2024-09-20,1.59,3471310.0,1.62,1.65,1.575,1.5986,10328,0.026614527688308964,0.032555153555742775,52.26776127866804,52.28758169934641,59.49276042155299,37.87722425493325,-60.78431372549018,0.0
351,1726804800000,2024-09-21,1.48,8687918.0,1.55,1.57,1.47,1.5002,9413,0.015004513704827582,0.029045025585559738,41.010981639546976,31.277480689245422,49.69884604559528,-5.565250023454297,-96.36363636363636,-1.0
352,1727064000000,2024-09-24,1.5,3661776.0,1.45,1.53,1.4404,1.4959,9633,0.0073327988892244456,0.02470258024629268,43.39788543750468,20.80623156363764,34.790431317409826,-7.162167943906738,-80.43335521996059,-1.0
353,1727150400000,2024-09-25,1.48,3200868.0,1.48,1.51,1.45,1.4809,8252,-0.00035681014168087444,0.01969070216869797,41.58574074455225,12.067888338407078,21.383866863763377,-6.56406871230552,-86.99934340118186,-1.0
354,1727236800000,2024-09-26,1.48,4650560.0,1.46,1.52,1.45,1.4918,9773,-0.006377366389350936,0.01447708845708819,41.58574074455225,15.18931932589191,16.02114640931221,13.525665159051314,-86.99934340118186,-1.0
355,1727323200000,2024-09-27,1.49,2610143.0,1.49,1.54,1.47,1.5037,6684,-0.010223929074683946,0.009536884950733761,42.96673511178806,14.094987962355034,13.784065208884675,14.716833469295754,-83.71634931057123,-1.0
356,1727409600000,2024-09-28,1.52,3213666.0,1.47,1.54,1.46,1.5161,7762,-0.010727943382854432,0.005483919284016123,47.01381366339642,18.472313416502548,15.91887356824983,23.579193113007985,-73.8673670387393,-1.0
357,1727668800000,2024-10-01,1.49,4809471.0,1.5,1.51,1.47,1.4872,7118,-0.013393733015947262,0.0017083888240234466,43.67615098653295,20.63260777358674,17.733303050814772,26.43121721913068,-83.71634931057123,-1.0
358,1727755200000,2024-10-02,1.49,2094015.0,1.48,1.5175,1.465,1.4906,7463,-0.015329679503231386,-0.00169922484142752,43.67615098653295,23.09276492291202,20.732562037667105,27.81317069340185,-83.71634931057123,1.0
359,1727841600000,2024-10-03,1.52,4073156.0,1.47,1.58,1.47,1.5236,9156,-0.014278587098645046,-0.004215097292871025,47.96081538067076,33.38857303802188,25.70464857817355,48.75642195771854,-73.8673670387393,1.0
360,1727928000000,2024-10-04,1.51,1172108.0,1.52,1.57,1.51,1.5272,4516,-0.014090083509881834,-0.0061900945362731875,46.68592203596228,43.51363765611675,33.331658539016885,63.877595890316485,-77.15036112934995,1.0
361,1728014400000,2024-10-05,1.49,2098606.0,1.48,1.5299,1.47,1.4931,5376,-0.015377266356179975,-0.008027528900254545,44.157737400993966,45.8820072000588,40.92807263139915,55.789876337378104,-83.71634931057123,1.0
362,1728273600000,2024-10-08,1.45,2436478.0,1.48,1.48,1.43,1.4583,5880,-0.019401386633408624,-0.010302300446885362,39.54528177973661,31.31976587563982,40.23847024393846,13.482357139042549,-92.45283018867924,-1.0
363,1728360000000,2024-10-09,1.47,1741288.0,1.44,1.48,1.43,1.4557,4650,-0.02073764740179662,-0.012389369837867616,42.76446589274654,23.589743589743605,33.59717222181408,3.5748863256026624,-81.8181818181818,-1.0
364,1728446400000,2024-10-10,1.5,3511374.0,1.45,1.5599,1.45,1.5082,7383,-0.019155086494957674,-0.013742513169285629,47.297824739475814,28.888888888888903,27.932799451424113,30.801067763818487,-53.333333333333336,1.0
365,1728532800000,2024-10-11,1.47,2329027.0,1.47,1.505,1.46,1.4782,7028,-0.020090059157748197,-0.015012022366978142,43.58049410151646,33.33333333333335,28.603988603988622,42.79202279202281,-73.33333333333333,-1.0
366,1728619200000,2024-10-12,1.46,3095361.0,1.46,1.5,1.42,1.4666,5279,-0.02139136185186885,-0.016287890263956283,42.384683507416476,32.77777777777779,31.666666666666686,35.0,-75.0,-1.0
367,1728878400000,2024-10-15,1.47,2180999.0,1.46,1.49,1.44,1.4639,5290,-0.021369403998523495,-0.017304193010869724,44.038340807847,27.638888888888903,31.250000000000014,20.416666666666686,-68.75,-1.0
368,1728964800000,2024-10-16,1.47,2274472.0,1.46,1.51,1.45,1.4716,6974,-0.021108674580677,-0.018065089324831182,44.038340807847,29.861111111111125,30.09259259259261,29.398148148148152,-68.75,-1.0
369,1729051200000,2024-10-17,1.49,1961422.0,1.47,1.51,1.45,1.4857,5209,-0.019068403104236964,-0.01826575208071234,47.531403424733284,38.20635771582877,31.9021192386096,50.81483467026712,-56.25,1.0
370,1729137600000,2024-10-18,1.46,2237308.0,1.47,1.5,1.44,1.469,5688,-0.019645758464812424,-0.01854175335753236,43.177769263156534,37.32030815661982,35.12925899451991,41.70240648081963,-75.0,-1.0
371,1729224000000,2024-10-19,1.47,2083261.0,1.46,1.49,1.445,1.4678,4683,-0.01907649832321412,-0.018648702350668712,44.986621293666644,38.12246842983084,37.883044767426476,38.60131575463957,-68.75,-1.0
372,1729483200000,2024-10-22,1.45,2417552.0,1.47,1.48,1.44,1.4603,5142,-0.020008542390928197,-0.01892067035872061,42.10005146347381,28.59185132237314,34.67820930294126,16.419135361236897,-81.25,-1.0
373,1729569600000,2024-10-23,1.46,1513890.0,1.44,1.46,1.44,1.4525,3242,-0.01971303797228896,-0.01907914388143428,44.03371048548032,33.87604902973025,33.53012292731141,34.56790123456793,-73.33333333333333,0.0
374,1729656000000,2024-10-24,1.46,2232082.0,1.45,1.48,1.44,1.4569,4417,-0.019256867410992973,-0.01911468858734602,44.03371048548032,36.77759246022293,33.081830937442106,44.16911550578456,-71.40814867762688,-1.0
375,1729742400000,2024-10-25,1.4,5948372.0,1.45,1.465,1.4,1.4203,5078,-0.0234663421289405,-0.019985019295664916,35.7302614055031,29.629629629629644,33.42775703986094,22.033374809167043,-100.0,-1.0
376,1729828800000,2024-10-26,1.42,1586847.0,1.42,1.45,1.4,1.4227,4517,-0.024901499333840338,-0.0209683153033,39.80497661371855,20.87542087542089,29.09421432175782,4.43783398274703,-87.49218261413384,-1.0
377,1730088000000,2024-10-29,1.5,4180176.0,1.42,1.5,1.415,1.4651,7798,-0.019360366097407544,-0.020646725462121512,52.7180771305819,36.36363636363638,28.956228956228973,51.178451178451205,-37.46091307066917,1.0
378,1730174400000,2024-10-30,1.6,6315942.0,1.48,1.62,1.475,1.5741,11603,-0.006821183463764591,-0.01788161706245013,63.3126032658993,66.66666666666669,41.30190796857465,117.39618406285075,-9.090909090909092,1.0
379,1730260800000,2024-10-31,1.52,3233849.0,1.56,1.61,1.5,1.5487,7090,-0.003301069623004471,-0.014965507574560999,53.068026637308606,78.7878787878788,60.60606060606062,115.15151515151513,-45.45454545454545,1.0
380,1730347200000,2024-11-01,1.51,1666277.0,1.53,1.55,1.5,1.5174,7250,-0.0013032474443688269,-0.012233055548522566,51.936738548472334,65.15151515151517,70.20202020202022,55.05050505050505,-50.0,1.0
381,1730433600000,2024-11-02,1.51,2465283.0,1.51,1.57,1.505,1.5227,7311,0.00027684967501095947,-0.009731074503815862,51.936738548472334,51.51515151515153,65.15151515151517,24.24242424242425,-50.0,1.0
382,1730696400000,2024-11-05,1.48,3650000.0,1.5,1.5253,1.45,1.4862,7728,-0.00088149987162911,-0.007961159577378512,48.35055617466819,45.454545454545475,54.04040404040406,28.282828282828305,-63.63636363636363,1.0
383,1730782800000,2024-11-06,1.46,2619398.0,1.47,1.4799,1.42,1.452,7882,-0.003374434703080409,-0.007043814602518892,46.06685294291056,37.8787878787879,44.94949494949498,23.73737373737373,-72.72727272727273,1.0
384,1730869200000,2024-11-07,1.47,3570545.0,1.46,1.5,1.43,1.4704,10149,-0.004491412879253698,-0.006533334257865854,47.40449978899394,31.81818181818183,38.3838383838384,18.686868686868692,-68.18181818181817,-1.0
385,1730955600000,2024-11-08,1.45,5778324.0,1.46,1.485,1.37,1.4454,12407,-0.006910795634041733,-0.00660882653310103,45.0005877499033,30.363636363636356,33.35353535353537,24.383838383838324,-68.00000000000006,-1.0
386,1731042000000,2024-11-09,1.52,4371225.0,1.46,1.56,1.44,1.5118,9712,-0.003143522343530769,-0.005915765695186978,53.82624276165483,41.27272727272726,34.48484848484849,54.8484848484848,-40.000000000000036,0.0
387,1731301200000,2024-11-12,1.57,5082621.0,1.52,1.58,1.48,1.5397,9978,0.0038324726543741416,-0.003966118025274754,58.89955997664166,58.44444444444442,43.36026936026935,88.61279461279456,-20.000000000000018,1.0
388,1731387600000,2024-11-13,1.61,4248038.0,1.56,1.64,1.56,1.6006,21228,0.012445204089720052,-0.0006838536022757925,62.45373054039741,77.40740740740743,59.04152637485971,114.13916947250287,-11.111111111111047,1.0
389,1731474000000,2024-11-14,1.6,5539345.0,1.63,1.71,1.59,1.6473,19403,0.01825352411354131,0.003103621940887628,61.032777835650926,79.95642701525058,71.93609295570081,95.9970951343501,-32.352941176470566,1.0
390,1731560400000,2024-11-15,1.62,5442744.0,1.58,1.65,1.56,1.6049,13138,0.02419162642150896,0.007321222837011895,62.85314090178745,76.68845315904144,78.01742919389983,74.03050108932467,-26.470588235294084,1.0
391,1731646800000,2024-11-16,1.64,9527573.0,1.6,1.65,1.56,1.6254,12373,0.030163739324657213,0.01188972613454096,64.63243762648071,73.5294117647059,76.72476397966598,67.13870733478572,-20.588235294117673,1.0
392,1731906000000,2024-11-19,1.64,7832997.0,1.62,1.68,1.62,1.6445,8968,0.03449899884336727,0.01641158067630622,64.63243762648071,77.45098039215686,75.8896151053014,80.5737109658678,-20.588235294117673,1.0
393,1731992400000,2024-11-20,1.62,8240486.0,1.62,1.65,1.57,1.6184,7662,0.03590697711194757,0.020310659963434494,61.23096669735778,77.45098039215686,76.14379084967321,80.06535947712419,-26.470588235294084,1.0
394,1732078800000,2024-11-21,1.58,2650904.0,1.62,1.62,1.55,1.5771,6393,0.03341001447779335,0.022930530866306267,54.99693000388353,68.26434277414673,74.38876785282015,56.01549261679989,-38.235294117647044,1.0
395,1732165200000,2024-11-22,1.56,1896488.0,1.57,1.585,1.56,1.5784,5442,0.029477522220518138,0.024239929137148643,52.138600478522974,53.38795743740335,66.36776020123565,27.42835190973875,-44.11764705882352,-1.0
396,1732251600000,2024-11-23,1.58,3203568.0,1.56,1.61,1.55,1.5788,7331,0.027656025184527477,0.024923148346624412,54.675435205532615,35.12815351583472,52.2601512424616,0.8641580625809411,-38.235294117647044,-1.0
397,1732510800000,2024-11-26,1.62,4104699.0,1.59,1.65,1.585,1.6169,10497,0.029104641179867663,0.025759446913273063,59.31959090239529,32.42753623188411,40.314549061707396,16.653510572237536,-26.470588235294084,0.0
398,1732597200000,2024-11-27,1.55,6773103.0,1.605,1.605,1.48,1.5376,15043,0.02432387432516414,0.02547233239565128,49.71862420930766,32.50000000000006,33.35189658257297,30.79620683485423,-47.05882352941176,-1.0
399,1732683600000,2024-11-28,1.58,4290005.0,1.55,1.59,1.52,1.5618,10356,0.022694226512218085,0.024916711218964643,53.21360128506063,42.916666666666735,35.948067632850304,56.85386473429959,-48.14814814814811,-1.0
400,1732856400000,2024-11-30,1.54,2902584.0,1.57,1.59,1.52,1.5535,6722,0.017967930060340365,0.023526954987239786,48.38449451723076,38.33333333333339,37.916666666666735,39.1666666666667,-73.91304347826085,-1.0
401,1733115600000,2024-12-03,1.53,11516115.0,1.53,1.55,1.49,1.5347,14866,0.013262507711315763,0.021474065532054984,47.23053204334091,36.47058823529418,39.24019607843144,30.93137254901967,-78.26086956521738,-1.0
402,1733202000000,2024-12-04,1.58,10761961.0,1.52,1.59,1.51,1.562,8701,0.013413387549415345,0.01986192993552706,53.23606082278087,39.411764705882426,38.07189542483667,42.091503267973934,-56.521739130434746,1.0
403,1733288400000,2024-12-05,1.56,3210952.0,1.58,1.62,1.55,1.5826,7993,0.011783297535967074,0.018246203455615066,50.74815755092709,45.098039215686356,40.326797385620985,54.6405228758171,-59.99999999999995,-1.0
404,1733374800000,2024-12-06,1.57,4321040.0,1.56,1.58,1.52,1.5614,9939,0.011169599690262988,0.01683088270254465,51.95711589597859,52.94117647058832,45.816993464052366,67.18954248366022,-54.99999999999995,-1.0
405,1733461200000,2024-12-07,1.59,1743443.0,1.56,1.6,1.55,1.581,6803,0.012156934999864921,0.015896093162008705,54.369564916402005,54.901960784313815,50.98039215686283,62.74509803921579,-44.99999999999994,1.0
406,1733720400000,2024-12-10,1.58,2635005.0,1.61,1.64,1.58,1.6018,9133,0.011994226937588781,0.015115719917124721,52.93819177345927,60.049019607843235,55.96405228758179,68.21895424836613,-41.17647058823522,0.0
407,1733806800000,2024-12-11,1.56,2010288.0,1.58,1.59,1.55,1.5669,5037,0.010134621168710334,0.014119500167441845,50.097477555246066,57.95751633986938,57.63616557734215,58.600217864923835,-52.94117647058817,1.0
408,1733893200000,2024-12-12,1.59,3011716.0,1.55,1.62,1.53,1.5735,9939,0.010955333216811969,0.01348666677731587,54.078127375420564,58.61111111111122,58.87254901960795,58.08823529411775,-35.294117647058734,1.0
409,1733979600000,2024-12-13,1.61,6889857.0,1.615,1.76,1.6,1.6657,11067,0.013068935724962039,0.013403120566845105,56.565602256309546,52.59259259259267,56.38707334785776,45.00363108206251,-53.571428571428534,1.0
410,1734066000000,2024-12-14,1.59,3050514.0,1.63,1.65,1.58,1.6057,7173,0.012980516770094264,0.013318599807494938,53.44776564774196,47.70370370370377,52.969135802469225,37.17283950617286,-60.71428571428569,1.0
411,1734325200000,2024-12-17,1.6,8180195.0,1.59,1.61,1.54,1.5915,10899,0.01356103734083769,0.01336708731416349,54.789585200340454,36.592592592592645,45.6296296296297,18.518518518518547,-57.1428571428571,1.0
412,1734411600000,2024-12-18,1.61,5472149.0,1.6,1.63,1.56,1.6098,8073,0.014659040211467689,0.013625477893624331,56.150718777935616,34.27777777777783,39.524691358024754,23.783950617283978,-55.555555555555515,1.0
413,1734498000000,2024-12-19,1.56,3133465.0,1.61,1.65,1.55,1.5968,8031,0.011363640292884503,0.013173110373476366,48.31779266965418,27.958937198067684,32.94310252281273,17.99060654857759,-74.07407407407405,-1.0
414,1734584400000,2024-12-20,1.57,4052452.0,1.57,1.6,1.54,1.5699,9162,0.00944999488324938,0.01242848727543097,49.82532945529829,22.644927536231933,28.293880837359154,11.34702093397749,-70.37037037037035,1.0
415,1734670800000,2024-12-21,1.54,4436482.0,1.565,1.57,1.53,1.5439,7433,0.005449845404096987,0.011032758901164175,45.53420996383748,11.59420289855076,20.73268921095013,-6.682769726247983,-87.99999999999999,-1.0
416,1734930000000,2024-12-24,1.51,2953372.0,1.54,1.54,1.5,1.5114,7062,-0.00013944373659646736,0.008798318373612047,41.669447107567194,8.528428093645518,14.255852842809409,-2.9264214046822623,-96.15384615384615,-1.0
417,1735016400000,2024-12-25,1.51,1404053.0,1.5,1.53,1.49,1.5121,3776,-0.004516927322762543,0.006135269234337129,41.669447107567194,5.200462446839286,8.441031146345193,-1.2806749521725251,-92.59259259259258,-1.0
418,1735189200000,2024-12-27,1.52,1283491.0,1.5,1.54,1.5,1.5183,4172,-0.007097383952120673,0.003488738597045569,43.522585954019135,10.001187084520453,7.910025875001757,14.183509503557843,-88.88888888888889,-1.0
419,1735275600000,2024-12-28,1.48,2206798.0,1.52,1.525,1.465,1.485,5016,-0.012229110554015099,0.0003451687668334356,38.283365727096104,11.421838505171857,8.874496012177204,16.516523491161166,-94.91525423728817,-1.0
420,1735534800000,2024-12-31,1.47,2748427.0,1.48,1.48,1.43,1.4617,5719,-0.016908051788501854,-0.003105475344233623,37.08155897720857,15.013308763308785,12.145444784333703,20.74903672125895,-87.87878787878786,-1.0
421,1735621200000,2025-01-01,1.47,2958696.0,1.47,1.5,1.45,1.4747,5130,-0.020381204587162305,-0.006560621192819359,37.08155897720857,14.823914823914842,13.753020697465166,16.965703076814197,-87.87878787878786,-1.0
422,1735794000000,2025-01-03,1.45,2035978.0,1.48,1.53,1.44,1.4747,6839,-0.024465512852925864,-0.010141599524840662,34.564711891470225,16.042780748663137,15.293334778628926,17.541672688731563,-93.93939393939394,-1.0
423,1735880400000,2025-01-04,1.48,2073197.0,1.45,1.48,1.44,1.4658,7257,-0.024993497814957966,-0.013111979182864122,41.03024193727996,21.886936592818973,17.584544055132323,30.491721668192277,-77.27272727272725,-1.0
424,1736139600000,2025-01-07,1.45,5453738.0,1.48,1.49,1.45,1.4733,7539,-0.027515497453986404,-0.01599268283708858,37.08416701271957,21.88693659281897,19.93888464476703,25.78304048892285,-90.90909090909089,-1.0
425,1736226000000,2025-01-08,1.51,2507983.0,1.46,1.52,1.46,1.5036,7320,-0.024391531388222587,-0.017672452547315382,47.88049790072394,42.20779220779224,28.660555131143397,69.30226636108992,-63.636363636363605,-1.0
426,1736312400000,2025-01-09,1.48,1875543.0,1.49,1.505,1.45,1.4782,6221,-0.024059175850792647,-0.018949797208010835,43.83056359723132,45.454545454545475,36.516424751718894,63.33078686019864,-77.27272727272725,0.0
427,1736485200000,2025-01-11,1.47,2521584.0,1.46,1.5,1.43,1.4619,8658,-0.02363541527183055,-0.02061889001845909,42.44271964487616,52.72727272727275,46.79653679653683,64.58874458874459,-76.47058823529412,0.0
428,1736744400000,2025-01-14,1.53,4943028.0,1.45,1.55,1.45,1.5158,8892,-0.018666558428363844,-0.02022842370044004,52.21864687952473,56.26262626262629,51.4814814814815,65.82491582491586,-28.57142857142857,1.0
429,1736830800000,2025-01-15,1.48,3381057.0,1.53,1.54,1.44,1.4711,6732,-0.018549459095979826,-0.019892630779547997,45.31190185116085,55.00000000000003,54.66329966329969,55.67340067340071,-58.333333333333336,1.0
430,1736917200000,2025-01-16,1.47,2669367.0,1.52,1.52,1.46,1.4795,8312,-0.01904404555526895,-0.01972291373469219,44.056809923644735,52.77777777777781,54.68013468013472,48.97306397306399,-66.66666666666666,-1.0
431,1737003600000,2025-01-17,1.47,1475811.0,1.49,1.5,1.46,1.4763,7103,-0.01921451590878287,-0.019621234169510327,44.056809923644735,36.111111111111136,47.96296296296299,12.407407407407419,-66.66666666666666,1.0
432,1737090000000,2025-01-18,1.47,2539440.0,1.48,1.49,1.4501,1.4723,7566,-0.019129106460296308,-0.019522808627667525,44.056809923644735,33.33333333333333,40.74074074074076,18.518518518518462,-66.66666666666666,-1.0
433,1737435600000,2025-01-22,1.5,2230322.0,1.48,1.51,1.47,1.4896,8237,-0.01645103231734768,-0.018908453365603557,49.31699370184643,41.666666666666686,37.03703703703706,50.92592592592594,-41.66666666666667,1.0
434,1737522000000,2025-01-23,1.47,1779855.0,1.48,1.49,1.47,1.478,7965,-0.016558512321392493,-0.018438465156761345,44.78233024077368,41.666666666666686,38.88888888888891,47.22222222222224,-66.66666666666666,0.0
435,1737608400000,2025-01-24,1.49,1824317.0,1.46,1.5,1.46,1.4824,7636,-0.014858577711212462,-0.017722487667651568,48.20178369158061,47.22222222222225,43.51851851851854,54.62962962962966,-50.0,-1.0
436,1737694800000,2025-01-25,1.48,1322450.0,1.48,1.5,1.465,1.4846,5144,-0.01415511238743905,-0.017009012611609066,46.64635182477739,39.89898989898992,42.929292929292956,33.838383838383834,-58.333333333333336,0.0
437,1737954000000,2025-01-28,1.47,2002931.0,1.48,1.49,1.47,1.4771,6971,-0.014240373317389254,-0.016455284752765104,45.079765906848685,38.78787878787881,41.969696969697,32.424242424242436,-66.66666666666666,0.0
438,1738040400000,2025-01-29,1.5,2062476.0,1.49,1.52,1.46,1.4884,10366,-0.011751727341511087,-0.015514573270514302,50.45550161071567,45.917111024407184,41.53465990375864,54.682013265704285,-41.66666666666667,1.0
439,1738126800000,2025-01-30,1.5,1791911.0,1.5,1.52,1.48,1.5004,7436,-0.009668010667059468,-0.014345260749823336,50.45550161071567,57.591797806390105,47.43226253955871,77.9108683400529,-41.66666666666667,1.0
440,1738213200000,2025-01-31,1.51,1772465.0,1.52,1.54,1.5,1.5158,7892,-0.007127571555542778,-0.012901722910967226,52.26192097456404,69.80166061692033,57.77018981590587,93.86460221894923,-33.33333333333333,1.0
441,1738299600000,2025-02-01,1.52,3725381.0,1.51,1.54,1.49,1.5145,9117,-0.004258252347880909,-0.011173028798349964,54.06554653371068,71.00576171372529,66.13307337901192,80.75113838315204,-27.27272727272727,1.0
